dataset,fold,eq_odds,av_odds,av_pred_diff,cof_variation_allgroups,entropy_index_allgroups,theil_index_allgroups,eq_opportunity,stat_parity,error_rate,false_discovery_rate_dif,false_negative_rate_diff,false_omisson_rate_dif,pred_equality,ppv,npv,selection_rate,accuracy,f1-score
adult,0,0.0248043420064983,0.0109387563691028,-0.3309778771475641,0.0200181606818466,0.0002003633785421,0.0001965948014391,-0.0029268292682926,0.0198036566160684,-0.0449104257284792,0.6,0.0029268292682926,-0.0619557542951282,0.0248043420064983,0.2444444444444444,0.7614444444444445,0.0049751243781094,0.7588723051409618,0.0099863822060826
adult,1,0.0179992421371731,0.0080085407910841,-0.1774170783345095,0.0110231899861001,60800000000.0,60500000000.0,-0.0019821605550049,0.0137420718816067,-0.0102184637068357,0.3333333333333333,0.0019821605550049,-0.0215008233356857,0.0179992421371731,0.2432432432432432,0.7614342806394316,0.0040906578220011,0.7593145384190161,0.0082004555808656
adult,2,0.0555555555555555,0.0388944393209686,0.2824475307607201,0.0163895307158484,0.0001343083585428,0.00013535159308,0.0555555555555555,0.0323750302834531,0.070063797141242,-0.5,-0.0555555555555555,0.0648950615214402,0.0222333230863818,0.2619047619047619,0.7614974450122195,0.0046439628482972,0.7591773551525873,0.01
adult,3,0.0066473636086558,0.0023306331449436,-0.0752361673414305,0.0092304284324658,426000000000.0,42900000000.0,-0.0019860973187686,0.004601871368349,0.0073345106528426,0.1538461538461538,0.0019860973187686,0.0033738191632928,0.0066473636086558,0.1739130434782608,0.7610580128917537,0.0050862450243255,0.7580716497125166,0.0072595281306715
adult,4,0.0314465408805031,0.0143529902940883,0.404890773620826,0.0167142370232191,0.0001396828596341,0.0001383675832951,0.0314465408805031,0.0055322877680746,-0.0117551832709558,-0.8181818181818182,-0.0314465408805031,-0.0084002709401661,-0.0027405602923264,0.2978723404255319,0.7616983438924085,0.0051968155683325,0.7592879256965944,0.0126984126984126
adult,0,0.0415748170355347,0.0290286066672224,-0.2090184094592435,0.0181819327251883,0.0001652913388116,0.0001603335599595,0.0415748170355347,0.0201877094000224,-0.0737790609177387,0.3333333333333333,-0.0415748170355347,-0.0847034855851537,0.01648239629891,0.2830188679245283,0.7616770462633452,0.0058595909342178,0.7588723051409618,0.0135685210312075
adult,1,0.0029182879377431,-0.0020590239928667,-0.2285182650596958,0.0087347387114229,381000000000.0,383000000000.0,-0.0029182879377431,-0.0016047684548372,-0.0290044111369349,-0.5714285714285714,0.0029182879377431,-0.0284651015479631,-0.0011997600479904,0.2631578947368421,0.7615188186965693,0.0042012161415146,0.7594250967385295,0.0091074681238615
adult,2,0.0110614586781418,0.0045598555526631,-0.0827746042736522,0.0147386035899231,0.0001086132178904,0.0001088305756447,-0.0019417475728155,0.0072858264364693,0.0621691056145357,0.2222222222222222,0.0019417475728155,0.0566730136749177,0.0110614586781418,0.2142857142857142,0.7612752721617418,0.0046439628482972,0.7587350729765591,0.0081818181818181
adult,3,0.0029904306220095,-0.002489251096293,-0.0668234590339456,0.0146615712099735,0.0001074808351725,0.0001080329766972,-0.0019880715705765,-0.0027586206896551,0.0313593616414933,-0.8333333333333334,0.0019880715705765,0.0330197485987753,-0.0029904306220095,0.22,0.7612853013119858,0.0055285272003538,0.7582927908005307,0.009963768115942
adult,4,0.0018709073900841,-0.0016835087518942,-0.1433073605275991,0.0133138468349571,88600000000.0,8780000000.0,-0.0018709073900841,-0.0015869417365676,-0.0016494813123929,-0.7142857142857143,0.0018709073900842,-0.0009004353409126,-0.0014961101137043,0.2222222222222222,0.7613232682060391,0.0039805395842547,0.7591773551525873,0.0072926162260711
adult,0,0.0372858614205667,0.0181454182724724,-0.0890570465597245,0.0245230947961415,0.0003006910891902,0.0002923559055565,-0.0009950248756218,0.0318711726757703,-0.05970625798212,0.0909090909090909,0.0009950248756218,-0.0872050022103581,0.0372858614205667,0.2121212121212121,0.7612206259048891,0.0072968490878938,0.7572139303482587,0.0125899280575539
adult,1,0.0518922257649867,0.0254456123819928,-0.0376376549674019,0.011571767862665,67000000000.0,67100000000.0,-0.001001001001001,0.0373275578817791,0.0765293608592835,0.125,0.0010010010010009,0.049724690065196,0.0518922257649867,0.1875,0.7612337734383668,0.0035378662244333,0.7592039800995025,0.0054794520547945
adult,2,0.0247749574243775,0.0123874787121887,0.0075288065403386,0.0137976929190541,95200000000.0,94900000000.0,0.0,0.0186266158350672,0.0289628398664972,0.0,0.0,0.0150576130806773,0.0247749574243775,0.15625,0.7610963160230804,0.0035382574082264,0.7589562140645731,0.0045662100456621
adult,3,0.0200781805259417,0.0090400892639698,-0.0499213773191007,0.0102114781301682,52100000000.0,519000000000.0,-0.0019980019980019,0.0139214836499227,0.0533595545125232,0.1428571428571429,0.001998001998002,0.0430143882189413,0.0200781805259417,0.196078431372549,0.761147559212721,0.0056390977443609,0.7579610791685095,0.0090538705296514
adult,4,0.0038572806171648,-0.0028588728667219,-0.182583359464827,0.0192246979018684,0.000184794504709,0.0001838351971423,-0.0038572806171648,-0.002346316283435,0.0339955159288805,-0.6,0.0038572806171649,0.034833281070346,-0.001860465116279,0.2142857142857142,0.7612752721617418,0.0046439628482972,0.7587350729765591,0.0081818181818181
adult,0,0.0090771558245083,-0.0061645941724167,-0.2416520276723812,0.0190104951592823,0.0001806994631005,0.0001762913456531,-0.0090771558245083,-0.0046205793495645,-0.0231729055258467,-0.5384615384615384,0.0090771558245082,-0.0217655938063008,-0.0032520325203252,0.4096385542168674,0.7629993305065833,0.0091763405196241,0.7597567716970702,0.0303435966086568
adult,1,0.028698261848193,0.0110354343114308,-0.3566432077739931,0.017875403546419,0.0001597650259736,0.0001519904572404,-0.0066273932253313,0.0249805749805749,-0.1259518259518258,0.5625,0.0066273932253313,-0.1507864155479863,0.028698261848193,0.543859649122807,0.763351134846462,0.0063018242122719,0.7619679380873411,0.0279909706546275
adult,2,0.0347381864623243,0.0134961265386757,-0.270197696139477,0.0324226228577346,0.0005256132364874,0.0005140440708504,-0.0077459333849728,0.0267575596418,-0.0167389190612022,0.5,0.0077459333849728,-0.0403953922789539,0.0347381864623243,0.4461538461538462,0.7628911905557412,0.0071870853604599,0.7606147722246793,0.0260908681961313
adult,3,0.0774642692485016,0.0350118965290127,-0.1941542382718853,0.0224941185074111,0.0002529926837127,0.0002523463134698,-0.0074404761904761,0.0518596738237709,0.1243986859087176,0.4761904761904761,0.0074404761904761,0.0878819996467055,0.0774642692485016,0.4925373134328358,0.7632839478667707,0.0074082264484741,0.7612781954887218,0.0296629213483146
adult,4,0.0072992700729927,-0.0048105358955629,-0.2672638792126361,0.0146852900095173,0.0001078288713318,0.0001079320012931,-0.0072992700729927,-0.0035229874933943,-0.0354422903563397,-0.5,0.0072992700729926,-0.0345277584252722,-0.0023218017181332,0.5849056603773585,0.7634300967634301,0.005860238832375,0.7623839009287926,0.0280416101311623
kdd,0,0.0344202898550724,-0.0159472651920589,-0.0084807906815679,0.0281262803147862,0.0003955438221729,0.0003967269109624,-0.0344202898550724,0.0037207973193035,0.0194099527468091,0.0343434343434343,0.0344202898550725,0.0173818529802983,0.0025257594709545,0.6860986547085202,0.951770399932071,0.0185833333333333,0.9468333333333332,0.3241525423728814
kdd,1,0.0974193548387096,0.0474833869480306,0.2196628774561506,0.0315083087035012,0.0004963867586775,0.0004974547848442,0.0974193548387096,0.0075481158361447,0.0197011696786069,-0.4166666666666667,-0.0974193548387096,0.0226590882456345,-0.0024525809426484,0.7364864864864865,0.9483631454606818,0.0123333333333333,0.94575,0.2508630609896433
kdd,2,0.1217105263157894,0.0654069352774326,-0.007053435791668,0.0215679340118621,0.00023258788877,0.0002331504369494,0.1217105263157894,0.0205862909510745,0.0238649998821887,0.0304347826086957,-0.1217105263157894,0.0163279110253595,0.0091033442390758,0.6476868327402135,0.9540063145319566,0.0234166666666666,0.9468333333333332,0.3632734530938123
kdd,3,0.130801687763713,0.0664688657739597,0.0979827084901208,0.0218200180671034,0.0002380565942243,0.0002386333294048,0.130801687763713,0.0134967421656841,0.0133502258075637,-0.1838709677419355,-0.1308016877637131,0.0120944492383061,0.0021360437842064,0.6433566433566433,0.9541574184736212,0.0238333333333333,0.94675,0.365441906653426
kdd,4,0.0133402633402633,0.007190607617281,0.0463771643351973,0.0267972871034948,0.0003590472980535,0.0003601687179864,0.0133402633402633,0.0037066804136544,0.0168366773963529,-0.0766129032258064,-0.0133402633402632,0.0161414254445882,0.0010409518942988,0.7872340425531915,0.951405350491026,0.0156666666666666,0.9488333333333332,0.3252747252747253
kdd,0,0.0048399106478034,-0.0016822354458018,0.0183046191444768,0.0264775523514353,0.0003505303892615,0.0003515459073241,-0.0048399106478034,0.0029612323589188,0.0117504321233877,-0.0259740259740259,0.0048399106478034,0.0106352123149276,0.0014754397561996,0.6238938053097345,0.9507389162561576,0.0188333333333333,0.9445833333333332,0.2977824709609292
kdd,1,0.0201230453729812,-0.0122150074163261,0.2694411818220774,0.0304236302728236,0.0004627986394887,0.000463870190295,-0.0201230453729812,-0.0016512538137626,0.0229516143428542,-0.5116279069767442,0.0201230453729812,0.0272544566674106,-0.0043069694596711,0.7086614173228346,0.946854207024341,0.0105833333333333,0.9443333333333334,0.2122641509433962
kdd,2,0.0509199828840393,0.0256499093787137,0.0901073413839371,0.0282949481753798,0.0004003020461237,0.0004013392837409,0.0509199828840393,0.006614400663161,0.0133105491228963,-0.1666666666666666,-0.0509199828840393,0.0135480161012075,0.000379835873388,0.597457627118644,0.9506970418225094,0.0196666666666666,0.94375,0.2946708463949843
kdd,3,0.1540378863409771,0.0778212970325251,0.0680760409226323,0.0232655559741027,0.000270643047392,0.0002713206279067,0.1540378863409771,0.0103337589076322,0.0039591991959362,-0.1333333333333333,-0.154037886340977,0.0028187485119313,0.0016047077240731,0.6621004566210046,0.9511077158135982,0.01825,0.9458333333333332,0.3085106382978723
kdd,4,0.1597199609247802,-0.0800085430175078,-0.1480608947573681,0.0283165635472343,0.0004009138855622,0.000401810847817,-0.1597199609247802,-0.004972782861229,0.0201684106066576,0.3166666666666667,0.1597199609247802,0.0205448771519304,-0.0002971251102355,0.660377358490566,0.9506277570410588,0.0176666666666666,0.9455,0.2997858672376873
kdd,0,0.0135610246107483,0.0049737821680562,0.1989697932438858,0.0298216961607581,0.0004446667809522,0.0004457330879884,0.0135610246107483,-0.0022854811905272,0.0034528116161859,-0.3910256410256411,-0.0135610246107483,0.0069139454621306,-0.0036134602746359,0.5619047619047619,0.9443463640184953,0.00875,0.941,0.1428571428571428
kdd,1,0.0347091932457786,-0.0171136353213366,-0.0905013031685238,0.0286981196146987,0.0004117910347097,0.0004123071016587,-0.0347091932457786,-0.000809231920343,0.0033790900457566,0.1839080459770114,0.0347091932457785,0.0029054396399638,0.0004819226031052,0.5476190476190477,0.9433534743202416,0.007,0.9405833333333332,0.1142857142857142
kdd,2,0.0690117252931323,-0.0359045310793603,0.0609481404051709,0.0235490506540959,0.0002772788933545,0.0002776397506926,-0.0690117252931323,-0.0049617446743202,0.0036831286591639,-0.1156462585034013,0.0690117252931323,0.0062500223069404,-0.0027973368655883,0.5414364640883977,0.9472882646586006,0.0150833333333333,0.9411666666666668,0.2172949002217294
kdd,3,0.0922199865861837,0.0432383309641927,0.1935623123123123,0.0180796751650541,0.0001634373270369,0.0001637262545486,0.0922199865861837,-0.0013572854291417,-0.0072200044355733,-0.3888888888888888,-0.0922199865861838,-0.0017642642642642,-0.0057433246577983,0.4708520179372197,0.94769465908126,0.0185833333333333,0.9388333333333332,0.222457627118644
kdd,4,0.0254838709677419,-0.0133775557222715,0.0286890284645195,0.0279827791546109,0.0003915179646078,0.0003923267147119,-0.0254838709677419,-0.0017462226724065,0.0061510825525449,-0.05,0.0254838709677418,0.0073780569290391,-0.0012712404768011,0.6090909090909091,0.9449116904962152,0.0091666666666666,0.9418333333333332,0.1610576923076923
kdd,0,0.0959646113568655,-0.0483866800656148,-0.1183769580513202,0.0295933800164041,0.0004378840703976,0.0004390817721255,-0.0959646113568655,-0.0040902368814011,0.0230661556567028,0.2606382978723404,0.0959646113568656,0.0238843817696999,-0.0008087487743641,0.5494505494505495,0.9436560584431942,0.0075833333333333,0.9406666666666668,0.1231527093596059
kdd,1,0.0037388053212764,-0.002409703560168,0.1003766233766233,0.0251603412420046,0.000316521385707,0.0003173061992956,-0.0037388053212764,-0.0003812822607157,0.020997214097615,-0.1785714285714286,0.0037388053212764,0.0221818181818181,-0.0010806017990597,0.4912280701754385,0.9419743782969104,0.00475,0.9398333333333332,0.0719794344473007
kdd,2,0.0766553343046786,-0.0403926297109508,-0.0053161251392987,0.0268328782698042,0.000360001678121,0.000360755794764,-0.0766553343046786,-0.0065839403632959,0.0225274907142738,0.0370370370370369,0.0766553343046786,0.0264047867584396,-0.004129925117223,0.3925233644859813,0.9429075927015892,0.0089166666666666,0.938,0.1014492753623188
kdd,3,0.0974584955933592,-0.0471352757758783,-0.2084142730706717,0.0201863759446866,0.0002037448868901,0.0002042439446905,-0.0974584955933592,-0.0010326926840953,0.0119242722636148,0.4257703081232492,0.0974584955933592,0.0089417619819058,0.0031879440416025,0.5857142857142857,0.9461214165261382,0.0116666666666666,0.9419166666666666,0.1904761904761904
kdd,4,0.0451835956127801,-0.0235391474311078,0.0570917570312607,0.0230131875803003,0.000264803401303,0.0002648771689668,-0.0451835956127801,-0.0027373146926847,0.0372080190987363,-0.0749999999999999,0.0451835956127801,0.0391835140625215,-0.0018946992494355,0.5108695652173914,0.943315418206248,0.0076666666666666,0.94,0.1154791154791154
german_credit,0,0.9166666666666666,-0.7934397163120568,-0.0569017379679144,0.2312407697015292,0.0267361467860778,0.0318639353770151,-0.9166666666666666,-0.7384615384615385,-0.1895104895104894,-0.65625,0.9166666666666666,0.2299465240641711,-0.6702127659574468,0.3548387096774194,0.7894736842105263,0.62,0.52,0.4782608695652174
german_credit,1,0.925925925925926,-0.8047996976568406,0.250494071146245,0.2757032242279243,0.0380061339248365,0.0539855294954559,-0.925925925925926,-0.736,0.2813333333333333,-0.7282608695652174,0.925925925925926,0.7727272727272727,-0.6836734693877551,0.3230769230769231,0.7428571428571429,0.65,0.47,0.4421052631578947
german_credit,2,0.925925925925926,-0.811277569704536,0.0123152709359605,0.318215204214068,0.0506304580965005,0.0614002187295397,-0.925925925925926,-0.75,-0.1707717569786535,-0.7126436781609196,0.925925925925926,0.3119868637110016,-0.6966292134831461,0.3109243697478991,0.7160493827160493,0.595,0.475,0.4134078212290503
german_credit,3,0.9117647058823528,-0.8337893296853625,-0.1085737179487179,0.233210509565802,0.0271935708859705,0.0327180661751759,-0.9117647058823528,-0.8,-0.3358974358974359,-0.6770833333333334,0.9117647058823528,0.1057692307692307,-0.7558139534883721,0.3333333333333333,0.7741935483870968,0.69,0.47,0.4646464646464646
german_credit,4,0.9428571428571428,-0.7498376623376624,0.0035569105691056,0.2740701695752674,0.0375572289255079,0.0439684919827241,-0.9428571428571428,-0.6666666666666666,0.0436991869918699,-0.5975609756097561,0.9428571428571428,0.4095528455284553,-0.5568181818181818,0.3703703703703703,0.782608695652174,0.54,0.56,0.4761904761904761
german_credit,0,0.8648648648648649,-0.7728579643473261,-0.0562770562770562,0.2110307951952905,0.0222669982603783,0.0261278368008637,-0.8648648648648649,-0.732824427480916,-0.1630811936155447,-0.6666666666666666,0.8648648648648649,0.2207792207792208,-0.6808510638297872,0.3553719008264462,0.7848101265822784,0.605,0.525,0.4751381215469613
german_credit,1,0.7037037037037037,-0.6744324970131421,0.0321858598332818,0.2862688767429439,0.0409749348958334,0.0508138210468408,-0.7037037037037037,-0.6583333333333333,-0.0666666666666666,-0.759493670886076,0.7037037037037037,0.3048780487804878,-0.6451612903225806,0.293103448275862,0.6904761904761905,0.58,0.46,0.3863636363636363
german_credit,2,1.0,-0.8488372093023255,0.0662285136501516,0.3193308020540809,0.0509860805702513,0.0612385316462266,-1.0,-0.7678571428571429,-0.1009316770186334,-0.6976744186046512,1.0,0.4347826086956521,-0.6976744186046512,0.3140495867768595,0.7215189873417721,0.605,0.475,0.4198895027624309
german_credit,3,0.7450980392156863,-0.6850490196078431,0.4251595987232102,0.2315087548693107,0.0267981517905692,0.0319877059361689,-0.7450980392156863,-0.6493624772313297,-0.1976320582877959,-0.6395348837209303,0.7450980392156863,0.2107843137254902,-0.625,0.3688524590163934,0.8076923076923077,0.61,0.54,0.4945054945054945
german_credit,4,0.9444444444444444,-0.8094315245478036,-0.0007246376811594,0.2546863489603687,0.0324325681733813,0.0384503400933571,-0.9444444444444444,-0.7540983606557377,-0.0570206699928723,-0.6304347826086957,0.9444444444444444,0.3681159420289855,-0.6744186046511628,0.3636363636363636,0.7974683544303798,0.605,0.535,0.4861878453038674
german_credit,0,0.8717948717948718,-0.8228021978021978,-0.0973124098124098,0.2330736705579089,0.0271616679536683,0.0319297051498657,-0.8717948717948718,-0.8048780487804879,-0.2119628339140534,-0.6565656565656566,0.8717948717948718,0.1488095238095238,-0.7738095238095238,0.3146853146853147,0.7368421052631579,0.715,0.435,0.4433497536945813
german_credit,1,0.9375,-0.8357712765957447,0.0197811447811447,0.2415849956443043,0.0291816550602292,0.0363577451050193,-0.9375,-0.7857142857142857,-0.1468253968253968,-0.696969696969697,0.9375,0.3425925925925926,-0.7340425531914894,0.3216783216783216,0.7543859649122807,0.715,0.445,0.4532019704433497
german_credit,2,0.9333333333333332,-0.8402930402930403,0.0046428571428571,0.250216517909028,0.0313041529172594,0.0379144769292653,-0.9333333333333332,-0.7933884297520661,-0.197560015741834,-0.7083333333333334,0.9333333333333332,0.3009523809523809,-0.7472527472527473,0.3235294117647059,0.75,0.68,0.46,0.4489795918367347
german_credit,3,0.9393939393939394,-0.8356763511402687,0.0182072829131652,0.2476217211692064,0.0306582583974001,0.038308045669099,-0.9393939393939394,-0.7846153846153846,-0.1497737556561086,-0.696078431372549,0.9393939393939394,0.3403361344537815,-0.7319587628865979,0.3333333333333333,0.7692307692307693,0.675,0.475,0.4615384615384615
german_credit,4,0.9722222222222222,-0.894078144078144,0.0051948051948051,0.2706048640438181,0.0366134962220866,0.0431627216752031,-0.9722222222222222,-0.8712121212121212,-0.1787878787878787,0.3181818181818182,0.9722222222222222,0.3285714285714285,-0.8159340659340659,0.3061224489795918,0.7169811320754716,0.735,0.415,0.4347826086956521
german_credit,0,0.8974358974358975,-0.8882783882783882,-0.0855072463768115,0.1942508377804608,0.0188666939892054,0.0231361668717046,-0.8974358974358975,-0.8846153846153846,-0.246153846153846,-0.6956521739130435,0.8974358974358975,0.1333333333333333,-0.8791208791208791,0.3018867924528302,0.7073170731707317,0.795,0.385,0.4383561643835616
german_credit,1,0.9069767441860463,-0.8694175756328462,0.0664269369074861,0.1843221465228518,0.0169873268493958,0.0224393615876738,-0.9069767441860463,-0.8525641025641025,-0.0282051282051282,-0.706766917293233,0.9069767441860466,0.4260869565217391,-0.831858407079646,0.3,0.7,0.8,0.38,0.4363636363636363
german_credit,2,0.9655172413793104,-0.933739012846518,0.1106060606060605,0.3177657027977405,0.0504875209372709,0.0649239299740894,-0.9655172413793104,-0.916030534351145,-0.1644691186675919,-0.7666666666666667,0.9655172413793104,0.4545454545454545,-0.9019607843137256,0.2631578947368421,0.5833333333333334,0.76,0.34,0.3773584905660377
german_credit,3,1.0,-0.9510869565217392,-0.1055,0.1734857415258908,0.0150486512563941,0.0185186542127406,-1.0,-0.9328358208955224,-0.4944029850746269,-0.664,1.0,0.125,-0.9021739130434784,0.3216374269005848,0.8275862068965517,0.855,0.395,0.4761904761904761
german_credit,4,0.975609756097561,-0.9729533929002656,0.0078502415458937,0.2235616983158874,0.0249899164769419,0.0320881571125195,-0.975609756097561,-0.971830985915493,-0.1416275430359936,-0.7101449275362319,0.975609756097561,0.3055555555555556,-0.9702970297029704,0.2848837209302325,0.6071428571428571,0.86,0.33,0.4224137931034483
dutch,0,0.1115504535489612,-0.0446429562252339,0.1756962395614435,0.0836873782018754,0.0035017886351518,0.0035016405508839,-0.1115504535489612,0.1292502757641885,0.1224303106369953,-0.0835650603918054,0.1115504535489612,0.2678274187310816,0.0222645410984932,0.8751668891855807,0.7602108036890646,0.371896722939424,0.8029625951671632,0.7676393090660681
dutch,1,0.0396169497175508,-0.0036373676453229,0.1651421360069278,0.0608539992813548,0.0018516046142675,0.0018523256088448,-0.0396169497175508,0.1671787846619253,0.0828925487982229,-0.1021578754578754,0.0396169497175507,0.2281263965559801,0.0323422144269049,0.8562774180071026,0.7733315060983966,0.3961436610393909,0.8061900033101622,0.7777988614800759
dutch,2,0.1003548949477508,-0.0411829443446327,0.1672553228603338,0.078195844421406,0.0030572950423883,0.0030600477797048,-0.1003548949477508,0.1174146365836575,0.1088086069500411,-0.0864122588782195,0.1003548949477508,0.248098386842448,0.0179890062584853,0.8660245183887916,0.7609100585417775,0.3780205230056273,0.8006454816285998,0.7665923844588702
dutch,3,0.106053404506843,-0.047617368229957,0.1815995381765148,0.0883799734506397,0.0039055098535678,0.0039112225276471,-0.106053404506843,0.1270491017410304,0.1208797313545122,-0.0935274465518794,0.1060534045068431,0.2696716298011503,0.0108186680469289,0.882004555808656,0.7556537561736418,0.36329030122476,0.8015557762330354,0.7635574837310195
dutch,4,0.1883029221200031,0.1328580008701863,0.0920028172816686,0.0112756128861159,63600000000.0,63600000000.0,0.0774130796203695,0.3042227304660622,0.0685524288368217,-0.026433859501281,-0.0774130796203696,0.1575717750620562,0.1883029221200031,0.8145589798087142,0.8209071140105623,0.4672293942403178,0.8179410791128765,0.8069836813476049
dutch,0,0.0702637727504157,-0.0175138621836417,0.148373132362993,0.0680846690465958,0.0023177610795922,0.0023222320223772,-0.0702637727504157,0.1224082162459084,0.1089915659227591,-0.0638883233228137,0.0702637727504156,0.2328579414031721,0.0352360483831321,0.8625797629899726,0.7442827442827443,0.3631247931148626,0.7872393247269116,0.7464747066364263
dutch,1,0.0624620138142471,0.0291167318844941,0.1258252066364175,0.0368871146358865,0.0006803296130805,0.0006810781789309,-0.0042285500452589,0.1653292729165313,0.071125460121084,-0.0650552306692657,0.0042285500452589,0.1865951826035693,0.0624620138142471,0.8375384615384616,0.7683451241503676,0.4034260178748758,0.7962595167163191,0.768347760632292
dutch,2,0.0703892730806421,-0.0197787441681053,0.1452570791912299,0.0685808345894512,0.0023516654364928,0.002357289184892,-0.0703892730806421,0.1135468146272468,0.107387205641892,-0.0633228017026232,0.0703892730806421,0.2271913566798366,0.0308317847444315,0.8632794457274827,0.7401341243229301,0.3583250579278385,0.7842601787487586,0.741445998214817
dutch,3,0.0834020860259012,0.0359252090828835,0.1234890483207719,0.0344549402299438,0.0005935714531245,0.0005942162048644,-0.011551667860134,0.1735513309132209,0.0841687750632862,-0.0479815776458951,0.011551667860134,0.1989965189956488,0.0834020860259012,0.8333333333333334,0.7678919521024784,0.4056603773584906,0.7944389275074478,0.7668481321569364
dutch,4,0.1712716432403127,0.1237733103362813,0.0862760541082662,0.0106246609979679,564000000000.0,5640000000.0,0.0762749774322498,0.2634944409113834,0.0609566676169383,-0.0276495811908352,-0.0762749774322498,0.1449025270256973,0.1712716432403127,0.799319118437556,0.801476241734584,0.4618503806686527,0.8004799735187024,0.7872584487779052
dutch,0,0.0815080163385282,0.0147750258030529,0.1306434079289904,0.0546107138071687,0.0014911650312642,0.0014871859423762,-0.0519579647324223,0.122410626136433,0.1213607543708291,-0.0362323642555709,0.0519579647324223,0.2250544516024099,0.0815080163385282,0.7997701149425287,0.7059736229635376,0.3599801390268123,0.7397384971863621,0.6887063248540037
dutch,1,0.0729475612399096,-0.0119297551285024,0.1515632957916101,0.0720099203414897,0.0025927143137938,0.0025835388853435,-0.0729475612399096,0.0952789436835117,0.1170249395781876,-0.0718626046335924,0.0729475612399096,0.2312639869496278,0.0490880509829048,0.7965863923310732,0.6995004483156142,0.3539390930155577,0.733862959285005,0.6793619142572284
dutch,2,0.1240344141229918,-0.0454397698350218,0.1496894369632336,0.0897533638527135,0.0040278331614387,0.0040093046389342,-0.1240344141229918,0.0557237080394815,0.1383373719808495,-0.0573039146698367,0.1240344141229919,0.2420749592566305,0.0331548744529481,0.8090085556114746,0.6870530209617756,0.3288646143661039,0.7271598808341608,0.6610465713991981
dutch,3,0.141118980076977,0.0624811683601668,0.1049481860860682,0.0247419503145564,0.0003060820526839,0.0003056754024751,-0.0161566433566433,0.1630521550768259,0.1217404336221599,0.0026787849796699,0.0161566433566433,0.2125751571518064,0.141118980076977,0.7718405428329093,0.7133550488599348,0.3902681231380338,0.7361800728235683,0.6954528085594192
dutch,4,0.0734685133412598,-0.0188312690953609,0.1565502484005388,0.0766082141342217,0.0029344092364173,0.0029248021136316,-0.0734685133412598,0.0844038749606754,0.1111677443548773,-0.085934200071825,0.0734685133412599,0.2271662967292527,0.0358059751505379,0.7933884297520661,0.6952478022678048,0.3504634227077127,0.7296425024826216,0.6728747371583058
dutch,0,0.1017461716176511,0.0908746824599445,0.1040680183914059,0.0111262999899136,61900000000.0,61900000000.0,0.0800031933022378,0.1697224786264098,0.0582971080237416,-0.0600784710423193,-0.0800031933022377,0.1480575657404925,0.1017461716176511,0.7612235915492958,0.6957559681697613,0.3760344256868586,0.720374048328368,0.6718461687870253
dutch,1,0.0357850017879158,0.0046211974738225,0.147674198007261,0.0628890899610961,0.0019775188180674,0.0019768872973226,-0.0265426068402707,0.0877089640395985,0.0822209510456414,-0.1007913564327607,0.0265426068402707,0.1945570395817614,0.0357850017879158,0.7603039373704812,0.6833742410541274,0.3594008606421714,0.7110228401191658,0.654120443740095
dutch,2,0.121565243121638,0.0868206700304553,0.1077034015836634,0.0132404762167089,87700000000.0,87600000000.0,0.0520760969392726,0.1677627194729894,0.0736029213488133,-0.0481345434118084,-0.0520760969392726,0.1672722597555182,0.121565243121638,0.7448979591836735,0.7011809942323537,0.3973849718636213,0.7185534591194969,0.6777830412126954
dutch,3,0.1177871059672099,0.0841641530315438,0.1185337658766281,0.0151370017551823,0.0001145644110681,0.000114576250845,0.0505412000958778,0.1657248994315537,0.0609241506528432,-0.0712744352646061,-0.0505412000958778,0.1657930964886501,0.1177871059672099,0.7260380287155608,0.70995670995671,0.426514399205561,0.7168156239655743,0.6862277645332844
dutch,4,0.1099842239906123,0.0961593285153452,0.1105382112755926,0.0082121075773399,33700000000.0,337000000000.0,0.0823344330400781,0.1789409680602786,0.0483050181407305,-0.0761951065483378,-0.0823344330400781,0.1448813160028475,0.1099842239906123,0.7416966786714686,0.7114027660174993,0.413604766633565,0.7239324726911619,0.6896744186046512
bank,0,0.1574858757062147,-0.0759598518600193,0.1480810029193686,0.0433983516626671,0.0009417084635182,0.0010106445529162,-0.1574858757062147,0.0218295489874882,0.1882205867368932,-0.0947420634920634,0.1574858757062147,0.2014199423466737,0.005566171986176,0.6786427145708582,0.9159447436197612,0.0554019683733274,0.9027977441114674,0.4361770365618986
bank,1,0.2545567706944074,-0.1293524225381568,0.135032471055038,0.049624155232118,0.0012312783912506,0.0013397161414756,-0.2545567706944074,-0.0136774989716166,0.2003094944271415,-0.0549450549450549,0.2545567706944073,0.2151198871650211,-0.0041480743819062,0.631858407079646,0.9174236168455822,0.0624861756248617,0.8995797389957974,0.4401972872996301
bank,2,0.1595197255574613,-0.0867143987969993,0.277034105750663,0.0579197710198575,0.0016773499374963,0.0018573275596448,-0.1595197255574613,-0.0025682810768528,0.1924211807139907,-0.3418367346938775,0.1595197255574614,0.2122314768074485,-0.0139090720365372,0.6523517382413088,0.9135975681047586,0.0540809555408095,0.8994691439946915,0.4124111182934712
bank,3,0.221357063403782,-0.1139819892349255,0.1754729248601012,0.0583544081392915,0.0017026184746435,0.0018804821085003,-0.221357063403782,-0.0125948252012987,0.2069045850987929,-0.1316831683168317,0.2213570634037819,0.2192626814033706,-0.0066069150660691,0.6753812636165577,0.9128509845042526,0.050763105507631,0.9007962840079629,0.4087013843111404
bank,4,0.3020576131687243,-0.1598099063125662,0.2946387399981062,0.0719865537263543,0.0025910319586986,0.0029320412404035,-0.3020576131687243,-0.0361827782925658,0.2329161689348352,-0.340080971659919,0.3020576131687242,0.2491965083362933,-0.0175621994564081,0.6382536382536382,0.9122766032005608,0.0531961955319619,0.8976996239769962,0.3989603638726445
bank,0,0.0237792043461677,0.0054774339655085,0.0734539797255714,0.0329261333184092,0.0005420651276508,0.0005783830544763,-0.0128243364151506,0.0582784377497863,0.1261431603318541,-0.0201109570041608,0.0128243364151505,0.126797002446982,0.0237792043461677,0.704,0.917359241484256,0.0552913856021231,0.9055623133915736,0.4518613607188703
bank,1,0.2541092112520683,-0.1318785511193508,0.1106128401326575,0.0425080804728193,0.0009034684527418,0.0009742633507159,-0.2541092112520683,-0.0260837998926746,0.173831258088862,-0.0348675034867503,0.2541092112520684,0.1863581767785648,-0.0096478909866333,0.6310160427807486,0.9171088315057186,0.0620437956204379,0.8993585489935855,0.4375772558714462
bank,2,0.1699123661148977,-0.0818710423842435,0.1005791181001351,0.0389317120788294,0.0007578391026944,0.0008118797829731,-0.1699123661148977,0.0026527035609739,0.2201505188411194,0.0256410256410256,0.1699123661148978,0.2267992618412958,0.0061702813464106,0.6967032967032967,0.9137067660416908,0.0503207255032072,0.90278699402787,0.419035029742234
bank,3,0.0386379012252875,-0.0127894664222474,0.1367189968743797,0.0405916924939153,0.0008238427497602,0.0008882317317392,-0.0386379012252875,0.0580715354277165,0.1649143729927084,-0.092760180995475,0.0386379012252874,0.1806778127532844,0.0130589683807927,0.7203389830508474,0.9162193698949824,0.0522008405220084,0.9059942490599424,0.4444444444444444
bank,4,0.1183491183491183,-0.0590001909241433,0.1918744769958714,0.0531202924526023,0.001410882735125,0.0015487348579242,-0.1183491183491183,0.0260099220411055,0.1880581148121899,-0.1756756756756756,0.1183491183491183,0.2080732783160672,0.0003487365008316,0.6871287128712872,0.9167154738198432,0.0558504755585047,0.9038929440389294,0.4440179142674344
bank,0,0.1100478468899521,-0.0542416203446487,0.1551587022756905,0.0306329295814547,0.0004691881873711,0.0004989812451588,-0.1100478468899521,0.0117083946980854,0.1918998527245949,-0.1062200956937798,0.1100478468899521,0.2040973088576011,0.0015646062006547,0.693717277486911,0.908440133933726,0.0422426186000221,0.8993696782041358,0.3680555555555556
bank,1,0.0558040468583599,-0.0151523531302755,0.0441031427497861,0.0268346494694552,0.0003600492060742,0.0003773563780925,-0.0558040468583599,0.0478116538615388,0.1452549312092917,0.0573221757322175,0.05580404685836,0.1455284612317899,0.0254993405978088,0.7280898876404495,0.9147376991973944,0.0492147754921477,0.9055518690555188,0.4314247669773635
bank,2,0.013961911438252,0.0081714319096022,0.1104636595291302,0.0305331317940078,0.0004661360685751,0.0004900230201393,0.013961911438252,0.0435763723032425,0.0977371779456383,-0.1106280193236715,-0.013961911438252,0.1102992997345889,0.0023809523809523,0.7723004694835681,0.9153899721448469,0.0471134704711347,0.9086485290864852,0.4433962264150943
bank,3,0.1669120353330879,-0.0886746076626054,0.1914684396688991,0.040660758569468,0.0008266486437222,0.0008976942970769,-0.1669120353330879,-0.010612542411121,0.1395544988328806,-0.2304347826086956,0.1669120353330879,0.1525020967291026,-0.0104371799921228,0.7780898876404494,0.9100851945659684,0.0393718203937182,0.904888299048883,0.3917963224893918
bank,4,0.21499176276771,0.1091839690462965,0.0972486120426047,0.0343381986807707,0.00058955594432,0.0006294340048198,0.21499176276771,0.0920786748381435,0.0456704244825248,-0.1349934469200524,-0.21499176276771,0.0595037771651569,0.003376175324883,0.7425968109339408,0.9149134023015228,0.048551205485512,0.9065472240654724,0.4355377421509686
bank,0,0.4986510791366906,0.4832349613390387,0.006205852719133,0.0370010289486548,0.0006845380716295,0.0006539014928958,0.4986510791366906,0.6774169112773412,0.1919866895721454,0.0600895565506283,-0.4986510791366906,0.0725012619888945,0.4678188435413868,0.7309486780715396,0.93,0.0711047218843304,0.9158465111135684,0.5526161081716637
bank,1,0.5990545012494091,0.5896157954302305,0.0063003979989409,0.0409881439586445,0.0008400139725872,0.0007918508166027,0.5801770896110519,0.7741066055815976,0.1986402504083294,0.0188724319159102,-0.5801770896110519,0.031473227913792,0.5990545012494091,0.7110016420361248,0.9260049804340093,0.0673523556735235,0.91152399911524,0.5198079231692677
bank,2,0.6711854650116929,0.6197406411407591,0.0858491579134131,0.0451691483624928,0.0010201259818964,0.0009387008831873,0.5682958172698254,0.7844771241830065,0.2401960784313725,0.0985505080693364,-0.5682958172698256,0.2702488238961628,0.6711854650116929,0.7192982456140351,0.923512747875354,0.0630391506303915,0.9106392391063924,0.5036855036855037
bank,3,0.7950474789046513,0.699931951059116,-0.0625068439788827,0.0432429428951794,0.0009349760551178,0.0008409888731744,0.6048164232135806,0.8468824345757336,0.3288015463917526,0.2040841281486916,-0.6048164232135808,0.0790704401909261,0.7950474789046513,0.7206896551724138,0.9243677617584496,0.064145100641451,0.911302809113028,0.5103785103785103
bank,4,0.5749559082892416,0.4937106977789392,0.0580314723336833,0.0250925548377796,0.0003148181541434,0.0003050768987943,0.5749559082892416,0.6934664036207497,0.1280259951259138,-0.0652834008097165,-0.5749559082892417,0.0507795438576501,0.4124654872686368,0.7417218543046358,0.9277079876748044,0.0667993806679938,0.9152842291528422,0.5391095066185319
credit_card,0,,,0.4034813995459044,0.0141761370231213,0.0001004814304491,0.0001003715689695,,,-0.8396584440227703,0.3370786516853932,,0.144041450777202,,0.6797752808988764,0.840393343419062,0.1186666666666666,0.8213333333333334,0.4745098039215686
credit_card,1,,,0.3791755256319395,0.0129540374946297,83900000000.0,83800000000.0,,,-0.8344125809435707,0.388235294117647,,0.1465863453815261,,0.6485671191553545,0.8319280494659921,0.1105,0.8116666666666666,0.4321608040201005
credit_card,2,,,0.4006968641114983,0.021584082518063,0.0002329363090732,0.0002330921274246,,,-0.8419083255378859,0.3414634146341463,,0.1428571428571428,,0.6566523605150214,0.8362573099415205,0.1165,0.8153333333333334,0.4531095755182626
credit_card,3,,,0.4178158894732868,0.025866979386166,0.0003345503112821,0.0003367181307328,,,-0.8359447004608295,0.3164556962025316,,0.1520874751491053,,0.7150170648464164,0.8322866642039157,0.0976666666666666,0.8208333333333333,0.4380554103502352
credit_card,4,,,0.4819489481998836,0.0260771749999614,0.0003400095279893,0.0003423696708129,,,-0.8588129496402878,0.175438596491228,,0.1393364928909952,,0.7224334600760456,0.8270003653635367,0.0876666666666666,0.8178333333333333,0.4101457096600108
credit_card,0,,,0.4157986111111111,0.0222054167564092,0.0002465402666629,0.0002452661809223,,,-0.8428571428571429,0.3111111111111111,,0.1427083333333333,,0.6558533145275035,0.8368928368928369,0.1181666666666666,0.8155,0.4565537555228277
credit_card,1,,,0.3641068729615782,0.0311938092735836,0.0004865268684983,0.0004913755266911,,,-0.8319327731092437,0.4134615384615384,,0.1416752843846949,,0.640650406504065,0.826740947075209,0.1025,0.8076666666666666,0.4057672502574665
credit_card,2,,,0.3896484375,0.0209366216727629,0.0002191710635342,0.0002185179711579,,,-0.8267857142857142,0.375,,0.154296875,,0.6342857142857142,0.8333962264150944,0.1166666666666666,0.8101666666666667,0.4380858411445485
credit_card,3,,,0.4021148734542933,0.038484650901046,0.0007405341774876,0.0007457183841505,,,-0.825,0.3529411764705882,,0.1571709233791748,,0.6770293609671848,0.8275225973067699,0.0965,0.813,0.4113326337880377
credit_card,4,,,0.4644872086946033,0.0268697793813591,0.0003609925220014,0.000364818264611,,,-0.8270944741532977,0.2394366197183098,,0.1684110371075166,,0.7114967462039046,0.8196425347535656,0.0768333333333333,0.8113333333333334,0.3668903803131991
credit_card,0,,,0.4089929394277221,0.0257791581637265,0.0003322824978152,0.0003360176788554,,,-0.8481818181818181,0.3230769230769231,,0.1410628019323671,,0.6573426573426573,0.8246131171702284,0.0953333333333333,0.8086666666666666,0.3957894736842105
credit_card,1,,,0.374509033778476,0.0326099742015302,0.0005317052087122,0.0005320128139816,,,-0.8527874564459931,0.3815789473684211,,0.1305970149253731,,0.6614785992217899,0.8200874954429457,0.0856666666666666,0.8065,0.3693644758283541
credit_card,2,,,0.3796617129950463,0.0219351890033193,0.0002405762583056,0.0002428945213837,,,-0.8464951197870453,0.3783783783783784,,0.137701804368471,,0.654485049833887,0.8271582067432383,0.1003333333333333,0.8098333333333333,0.4085018144116122
credit_card,3,,,0.4632893226176808,0.0295249402623381,0.0004358610487473,0.0004353842394578,,,-0.8301716350496838,0.2388059701492537,,0.1653846153846153,,0.6855345911949685,0.8189389824370813,0.0795,0.8083333333333333,0.3625277161862528
credit_card,4,,,0.4812797821647379,0.0334519514708602,0.0005595165286043,0.0005645560803358,,,-0.8434856175972927,0.1923076923076923,,0.1548672566371681,,0.7085427135678392,0.8134594787575866,0.0663333333333333,0.8065,0.3269565217391304
credit_card,0,,,0.402326477994241,0.0139911558827446,97900000000.0,98200000000.0,,,-0.8,0.3835616438356164,,0.1882145998240985,,0.6408839779005525,0.8056048244058177,0.0603333333333333,0.7956666666666666,0.2745562130177514
credit_card,1,,,0.3923823386705483,0.0164527849797958,0.0001353470667956,0.0001353125170648,,,-0.7848739495798319,0.4222222222222222,,0.2069868995633187,,0.5860927152317881,0.7981747981747982,0.0503333333333333,0.7875,0.2173112338858195
credit_card,2,,,0.4166472913275982,0.0178494527682977,0.0001593014820638,0.000159213463265,,,-0.7956026058631922,0.3636363636363636,,0.1969309462915601,,0.6296296296296297,0.8084003574620197,0.0675,0.7963333333333333,0.2944572748267898
credit_card,3,,,0.4120833333333333,0.0165728580247497,0.0001373298115542,0.0001372093739954,,,-0.7888,0.38,,0.2041666666666666,,0.6623376623376623,0.8027055516514406,0.0513333333333333,0.7955,0.2495412844036697
credit_card,4,,,0.4680701047542304,0.0113521734330997,64400000000.0,64400000000.0,,,-0.812254516889238,0.25,,0.1861402095084609,,0.6508620689655172,0.7961165048543689,0.0386666666666666,0.7905,0.1937139191789608
compass_7k,0,0.0583333333333333,-0.0191998892580287,0.0097226872000892,0.0045053218344369,101000000000.0,102000000000.0,0.0199335548172757,-0.2089597857569097,-0.0369685767097967,-0.0453074433656957,-0.0199335548172757,-0.0258620689655172,-0.0583333333333333,0.9617391304347828,0.9863636363636364,0.4655870445344129,0.9748987854251012,0.97273526824978
compass_7k,1,0.0835749616237421,-0.0490349404651884,-0.0022204336279966,0.010552139800759,557000000000.0,557000000000.0,-0.0835749616237421,-0.24,0.0255238095238096,0.0341836734693877,0.0835749616237421,0.0297428062133944,-0.0144949193066347,0.9664902998236332,0.9790419161676648,0.4591093117408907,0.9732793522267208,0.970770593445527
compass_7k,2,0.047877345436431,-0.0447156997452425,0.0052584948926412,0.0072413270752924,262000000000.0,26300000000.0,-0.0415540540540541,-0.3414367659109533,-0.0067832104160975,-0.0088075880758807,0.041554054054054,0.0017094017094017,-0.047877345436431,0.958041958041958,0.9803625377643505,0.4635332252836304,0.9700162074554296,0.9673433362753752
compass_7k,3,0.0858833129334964,-0.0802957634916326,0.0381411469618613,0.0190453768259251,0.0001813631892207,0.0001815657290932,-0.0858833129334964,-0.2442903032228457,-0.0084542341769917,-0.0480709071949947,0.0858833129334965,0.0282113867287279,-0.0747082140497687,0.9478260869565216,0.9742033383915024,0.4659643435980551,0.9619124797406808,0.9586631486367634
compass_7k,4,0.035512167515563,-0.0241528327041993,-0.0028348402251473,0.0105355909712898,555000000000.0,555000000000.0,-0.0127934978928355,-0.2602120919983473,-0.0082908690263049,0.0027777777777777,0.0127934978928356,-0.0028919026725169,-0.035512167515563,0.9632224168126094,0.9819004524886876,0.4627228525121556,0.973257698541329,0.970873786407767
compass_7k,0,0.0323185988323603,-0.0254366886935694,-0.0136248880225792,0.0068102718112802,23200000000.0,233000000000.0,-0.0185547785547786,-0.2568079091533436,-0.0111002858922553,0.0081165836561519,0.0185547785547785,-0.0191331923890063,-0.0323185988323603,0.948853615520282,0.9640718562874252,0.4591093117408907,0.957085020242915,0.9530558015943312
compass_7k,1,0.0383113534222353,-0.0169314970150154,-0.0281337257171833,0.0112062912620918,6280000000.0,62800000000.0,-0.0383113534222353,-0.1907299741602067,0.0148578811369509,0.0487859377327573,0.0383113534222353,-0.0074815137016093,0.0044483593922043,0.9581056466302368,0.9475218658892128,0.4445344129554656,0.9522267206477733,0.946894689468947
compass_7k,2,0.0320378151260504,-0.0230620162454781,-0.0164968192525333,0.0113206723768489,64100000000.0,64600000000.0,-0.0140862173649058,-0.2777120268894832,-0.0072076123748431,0.0158357771260997,0.0140862173649058,-0.0171578613789669,-0.0320378151260504,0.935201401050788,0.9592760180995475,0.4627228525121556,0.9481361426256076,0.9434628975265018
compass_7k,3,0.1155722326454034,-0.0765304704329094,0.0064404104744199,0.0129617904022295,84000000000.0,84200000000.0,-0.1155722326454034,-0.2540821206531393,0.02275056364009,0.0192458758837391,0.1155722326454033,0.0321266968325791,-0.0374887082204155,0.9345132743362832,0.9491778774289984,0.4578606158833063,0.9424635332252836,0.9370008873114464
compass_7k,4,0.014821029082774,-0.0113703224907014,-0.0265754171885043,0.0033864574523773,57300000000.0,5720000000.0,-0.014821029082774,-0.2102745915884601,0.005700382342718,0.0402649006622516,0.014821029082774,-0.0128859337147569,-0.0079196158986289,0.944153577661431,0.9682299546142208,0.4643435980551053,0.9570502431118314,0.9533039647577092
compass_7k,0,0.1044131455399061,-0.0781212069162945,0.0006610629723464,0.0149452215787483,0.0001116798240189,0.0001119704587477,-0.0518292682926829,-0.2416420326576576,-0.0333966779279278,-0.031420524555536,0.0518292682926829,-0.0300983986108431,-0.1044131455399061,0.8776223776223776,0.9095022624434388,0.4631578947368421,0.8947368421052632,0.8853615520282186
compass_7k,1,0.0970501474926253,-0.0828511716766509,-0.0473069598257004,0.0119465887938337,71400000000.0,71300000000.0,-0.0686521958606765,-0.3058729280714136,-0.0265702786732028,0.0486679737054549,0.0686521958606764,-0.0459459459459459,-0.0970501474926253,0.8593481989708405,0.906441717791411,0.4720647773279352,0.8842105263157894,0.8751091703056768
compass_7k,2,0.1226600985221674,-0.0590132106529354,-0.0512994830998622,0.0084782847571137,359000000000.0,3590000000.0,0.0046336772162965,-0.2853855185909981,-0.0808140900195695,-0.0292946530147895,-0.0046336772162965,-0.1318936192145139,-0.1226600985221674,0.8711433756805808,0.8814055636896047,0.446515397082658,0.8768233387358185,0.8633093525179856
compass_7k,3,0.069155844155844,-0.0504509379509379,-0.0641398541398541,0.0092541790421311,42800000000.0,42800000000.0,-0.069155844155844,-0.1996601529311809,0.0096290002832059,0.093993993993994,0.0691558441558441,-0.0342857142857142,-0.0317460317460317,0.8659611992945326,0.8935532233883059,0.459481361426256,0.8808752025931929,0.8697962798937112
compass_7k,4,0.0856540084388185,-0.0347257907610529,-0.0490787828794731,0.0026896547604858,36200000000.0,36200000000.0,0.0162024269167125,-0.1691318702095787,-0.0474424422240644,0.0095838587641866,-0.0162024269167126,-0.0885737069947596,-0.0856540084388185,0.8542024013722127,0.901689708141321,0.4724473257698541,0.8792544570502431,0.8698689956331878
compass_7k,0,0.2514752040175769,-0.2349683712395577,-0.0332264957264957,0.0293628174913386,0.0004310875255148,0.0004379697650291,-0.2514752040175769,-0.3826086956521739,-0.0465719063545151,-0.0019230769230769,0.2514752040175768,-0.0683760683760683,-0.2184615384615384,0.7766143106457243,0.823262839879154,0.4639676113360323,0.8016194331983806,0.7841409691629956
compass_7k,1,0.1141922639362912,-0.0960857347407395,-0.1315514993481095,0.0070405480462932,248000000000.0,247000000000.0,-0.1141922639362912,-0.2490762877635296,-0.0120843294935883,0.163102998696219,0.1141922639362912,-0.1,-0.0779792055451879,0.7773913043478261,0.8257575757575758,0.4655870445344129,0.8032388663967611,0.7862796833773087
compass_7k,2,0.2646109137875363,-0.2146280085559424,-0.032096084048356,0.0350035138617906,0.0006126229913362,0.0006196925565396,-0.2646109137875363,-0.3834582852748942,-0.0375816993464053,-0.0025955639452572,0.2646109137875363,-0.0667877320419693,-0.1646451033243486,0.7958115183246073,0.8411497730711044,0.4643435980551053,0.820097244732577,0.8042328042328042
compass_7k,3,0.229965156794425,-0.1683722253541109,-0.0845597177183721,0.018389749517995,0.0001690914436672,0.0001699170186912,-0.229965156794425,-0.3099661344944364,-0.0220125786163521,0.0924908424908425,0.229965156794425,-0.0766285929459018,-0.1067792939137968,0.7899628252788105,0.8031609195402298,0.4359805510534846,0.7974068071312804,0.7727272727272727
compass_7k,4,0.0131421744324971,-0.0086789348952997,-0.1737484737484737,0.0256384132890762,0.0003286641179907,0.000322382201901,-0.0131421744324971,-0.1996994489898146,-0.0048589079979962,0.226984126984127,0.0131421744324969,-0.1205128205128205,-0.0042156953581024,0.8054054054054054,0.8306332842415317,0.4497568881685575,0.8192868719611021,0.8003581020590869
compass_4k,0,0.0041152263374485,-0.0020576131687242,0.0067567567567567,0.0012402448220051,769000000.0,770000000.0,0.0,-0.1984629294755877,-0.0031645569620253,-0.0135135135135135,0.0,0.0,-0.0041152263374485,0.9772727272727272,0.9985096870342772,0.1643835616438356,0.9950186799501868,0.9847328244274808
compass_4k,1,0.0169491525423728,-0.0084745762711864,0.0227272727272727,0.0039763719164246,7910000000.0,7920000000.0,0.0,-0.2517441860465116,-0.0124999999999999,-0.0454545454545454,0.0,0.0,-0.0169491525423728,0.9420289855072465,1.0,0.1718555417185554,0.9900373599003736,0.9701492537313432
compass_4k,2,0.0158730158730159,0.0033493519732052,0.0133208525345622,0.0049128139357422,121000000000.0,121000000000.0,0.0158730158730159,-0.1665335173215193,-0.0106761565836298,-0.03125,-0.0158730158730158,-0.0046082949308755,-0.0091743119266055,0.9481481481481482,0.997005988023952,0.1681195516811955,0.9887920298879204,0.9660377358490566
compass_4k,3,0.0221238938053097,-0.0032494469026548,0.0345124536301006,0.0046839075634439,11000000000.0,110000000000.0,0.015625,-0.1857022708158116,-0.0206896551724138,-0.0735294117647058,-0.015625,-0.0045045045045045,-0.0221238938053097,0.9420289855072465,0.9984962406015038,0.1718555417185554,0.9887920298879204,0.966542750929368
compass_4k,4,0.1295238095238096,-0.0714583333333333,0.0226046113142887,0.007151055398443,256000000000.0,256000000000.0,-0.1295238095238096,-0.1969190230059795,-0.0032769163203946,-0.0389610389610389,0.1295238095238095,0.0062481836675385,-0.0133928571428571,0.9411764705882352,0.9955022488755624,0.1693648816936488,0.9863013698630136,0.9588014981273408
compass_4k,0,0.0259740259740259,0.0088547815820543,0.0088547815820543,0.0029668194514214,4400000000.0,4400000000.0,0.0259740259740259,-0.1690901537183216,-0.012539184952978,-0.0259740259740259,-0.0259740259740259,-0.0082644628099173,-0.0082644628099173,0.9621212121212122,0.9955290611028316,0.1643835616438356,0.9900373599003736,0.9694656488549618
compass_4k,1,0.0210084033613445,-0.0039252543122511,0.0291132478632478,0.0079086408630743,31300000000.0,31300000000.0,0.0131578947368421,-0.2396255549121791,-0.019108280254777,-0.0625,-0.0131578947368421,-0.0042735042735042,-0.0210084033613445,0.9402985074626866,0.9940209267563528,0.1668742216687422,0.9850560398505604,0.9545454545454546
compass_4k,2,0.3455882352941176,-0.175046369899311,0.0178298667829436,0.0078949027829902,31200000000.0,31300000000.0,-0.3455882352941176,-0.1838646714378659,0.0179570592062459,-0.0149253731343283,0.3455882352941176,0.0207343604315588,-0.0045045045045045,0.9669421487603306,0.9809384164222874,0.1506849315068493,0.978829389788294,0.9322709163346612
compass_4k,3,0.0294117647058823,-0.0074595055413469,0.0445114942528735,0.0128065020516035,82000000000.0,81900000000.0,0.0144927536231883,-0.1961069031827636,-0.0260586319218241,-0.0933333333333333,-0.0144927536231884,-0.0043103448275862,-0.0294117647058823,0.9328358208955224,0.9910313901345292,0.1668742216687422,0.9813200498132004,0.9433962264150944
compass_4k,4,0.0865384615384615,-0.0483916695498404,-0.0320818209316394,0.0064830744587601,21000000000.0,21100000000.0,-0.0865384615384615,-0.1755297334244702,-0.0049213943950786,0.0625,0.0865384615384615,-0.0016636418632788,-0.0102448775612193,0.925925925925926,0.9910179640718564,0.1681195516811955,0.9800747198007472,0.9398496240601504
compass_4k,0,0.4571428571428571,-0.2289917070058914,-0.1486636045298094,0.0092457620857768,42700000000.0,42600000000.0,-0.4571428571428571,-0.1661326378539493,0.0222801788375559,0.3117647058823529,0.4571428571428571,0.0144374968227339,-0.0008405568689256,0.9016393442622952,0.9706314243759178,0.1519302615193026,0.9601494396014943,0.873015873015873
compass_4k,1,0.0657894736842105,0.0375132980244569,-0.3246371371371371,0.0090838428910995,41300000000.0,410000000000.0,0.0657894736842105,-0.2206896551724138,-0.0045977011494253,0.6261261261261261,-0.0657894736842105,-0.0231481481481481,0.0092371223647033,0.921875,0.9822222222222222,0.1594022415940224,0.9726027397260274,0.9147286821705426
compass_4k,2,0.0793650793650794,-0.044490231990232,0.0124876106272312,0.0046795338743144,10900000000.0,110000000000.0,-0.0793650793650794,-0.1619343561856671,-0.0116139056127403,-0.0327868852459016,0.0793650793650793,-0.0078116639914392,-0.0096153846153846,0.9285714285714286,0.9807976366322008,0.1569115815691158,0.9726027397260274,0.9140625
compass_4k,3,0.1753731343283582,-0.0912508419373616,-0.1006186394905907,0.00742221504902,275000000000.0,276000000000.0,-0.1753731343283582,-0.1943642845017824,-0.0095909013749787,0.1893939393939394,0.1753731343283582,-0.011843339587242,-0.007128549546365,0.9032258064516128,0.9720176730486008,0.1544209215442092,0.9613947696139477,0.8784313725490196
compass_4k,4,0.1151515151515151,-0.0803030303030302,0.0547137252506518,0.0134780704838243,90800000000.0,90600000000.0,-0.1151515151515151,-0.2019986486005903,-0.0318645755538959,-0.1139240506329113,0.1151515151515151,-0.0044966001316078,-0.0454545454545454,0.8828125,0.9733333333333334,0.1594022415940224,0.958904109589041,0.8725868725868726
compass_4k,0,0.1967213114754098,0.0946395184054741,-0.053749658189773,0.0189552278543064,0.0001796503315043,0.0001777389181874,0.1967213114754098,-0.1108228980322003,-0.0499105545617173,0.0495283018867924,-0.1967213114754098,-0.0579710144927536,-0.0074422746644615,0.8376068376068376,0.9533527696793004,0.1457036114570361,0.9364881693648816,0.7935222672064778
compass_4k,1,0.0403225806451612,-0.0268104878332258,-0.1091908676632118,0.0268133588600276,0.0003594781066783,0.0003590492532833,-0.0403225806451612,-0.1026367499885756,-0.0233057624640131,0.185888738127544,0.0403225806451612,-0.0324929971988795,-0.0132983950212905,0.7322834645669292,0.9452662721893492,0.1581569115815691,0.9115815691158156,0.7237354085603113
compass_4k,2,0.1785714285714286,-0.1039486356340289,-0.0445332480818414,0.0102567251077868,52600000000.0,52500000000.0,-0.1785714285714286,-0.1532710280373831,-0.049573344169037,0.0478260869565217,0.1785714285714285,-0.0412404092071611,-0.0293258426966292,0.8627450980392157,0.9400855920114124,0.1270236612702366,0.9302615193026152,0.7586206896551724
compass_4k,3,0.2635869565217391,-0.1480725480283114,0.1024691358024691,0.0224226689440956,0.0002513880412882,0.0002533074025601,-0.2635869565217391,-0.0724137931034482,0.0203065134099615,-0.1555555555555555,0.2635869565217391,0.0493827160493827,-0.0325581395348837,0.8256880733944955,0.9409221902017292,0.1357409713574097,0.925280199252802,0.75
compass_4k,4,0.0646766169154229,-0.0325809974517655,-0.0496813470975098,0.0177098706741647,0.0001568197596478,0.0001558534746565,-0.0646766169154229,-0.0777811971072472,-0.0136559470687798,0.074074074074074,0.0646766169154228,-0.0252886201209455,-0.0004853779881082,0.8411214953271028,0.9410919540229884,0.1332503113325031,0.9277708592777086,0.7563025210084033
diabetes,0,0.0172128243369067,-0.0133843847613245,0.0244991209970551,0.0041776059050333,8730000000.0,8730000000.0,-0.0095559451857424,-0.0114588660030217,0.0042471905467217,-0.0002883312152341,0.0095559451857423,0.0487099107788762,-0.0172128243369067,0.7651958577217469,0.4903474903474903,0.9716723176200373,0.7574100404681177,0.8597445301631466
diabetes,1,0.0081406146872941,-0.0070669993392011,0.0463809115322357,0.0011388458059267,648000000.0,648000000.0,-0.0081406146872941,-0.007877270830963,0.0148555935789979,0.0109171067014146,0.0081406146872941,0.1036789297658862,-0.0059933839911081,0.7625097514766522,0.4823529411764706,0.9814065405228044,0.7573006671770753,0.8604665786329624
diabetes,2,0.002012987012987,0.0012138630241618,-0.0270712469497638,0.0042979824916304,92400000.0,9230000000.0,0.002012987012987,0.0013456241836308,0.007234804476853,0.0087627861407296,-0.002012987012987,-0.0453797077587981,0.0004147390353367,0.7636404293381037,0.4974874371859296,0.9782347150825768,0.757847533632287,0.8605266473478644
diabetes,3,0.0127469084913437,0.0077097894152497,0.0130192201094026,0.001501610068484,11300000000.0,11300000000.0,0.0026726703391557,0.0051441565769854,-0.0003244241001587,0.0004731876881713,-0.0026726703391556,0.0265116279069767,0.0127469084913437,0.7624070167647385,0.5367647058823529,0.9851252324182436,0.7590506398337526,0.8617682123360733
diabetes,4,0.0097196400377604,0.0041533130731282,0.1055690340677501,0.0019917547083248,19800000000.0,1980000000.0,-0.001413013891504,0.0013676829444728,-0.0027287589579374,-0.0041936236910558,0.001413013891504,0.2069444444444444,0.0097196400377604,0.7605338627840282,0.5584415584415584,0.9915782565897407,0.7588318932516679,0.862144420131291
diabetes,0,0.0158928736910387,0.0108034770055764,0.0019750322248641,0.0033251766062998,5530000000.0,5530000000.0,0.0057140803201141,0.0081777935478679,-0.0004845424839927,0.0019413289928947,-0.005714080320114,0.0058913934426229,0.0158928736910387,0.7624204532767668,0.4569892473118279,0.9796565678661272,0.7562069342666521,0.8596966072889785
diabetes,1,0.0210659332490894,0.0126209558117632,0.0267279024962813,0.0071460755822016,25500000000.0,25500000000.0,0.004175978374437,0.0080888470997769,0.0111761246775042,0.0126732272655019,-0.004175978374437,0.0661290322580645,0.0210659332490894,0.7617092119866815,0.4962406015037593,0.9854533522913704,0.757847533632287,0.8611041405269761
diabetes,2,0.012798514208701,0.0072596110522054,0.0183823553928934,0.0085049585501679,36200000000.0,361000000000.0,0.0017207078957097,0.0041388196958577,0.0179902473124085,0.0187908447697688,-0.0017207078957097,0.0555555555555555,0.012798514208701,0.7610580128917537,0.4344827586206896,0.9841408727988624,0.7558788143935251,0.8598694123556002
diabetes,3,0.0044517334467911,0.0028968999086625,0.0010440589521875,0.0002276975439889,259000000.0,259000000.0,0.0013420663705339,0.0021256975065634,-0.0014465962432814,-0.0009613573409948,-0.0013420663705338,0.0011267605633802,0.0044517334467911,0.7616936377743294,0.5206611570247934,0.9867658317838784,0.7585037733785409,0.8615847542627884
diabetes,4,0.0346439875305339,0.0249842744942683,-0.0238208952341621,0.0076385487904867,29200000000.0,292000000000.0,0.0153245614580026,0.0200223171553245,-0.0044024784194361,0.0024517870448392,-0.0153245614580026,-0.0451900034234851,0.0346439875305339,0.761147559212721,0.44,0.9835940063436508,0.7558788143935251,0.8598166059540259
diabetes,0,0.0150176370791603,-0.0089036955583047,-0.0452446480979312,0.0004930901719511,1220000000.0,122000000.0,-0.0027897540374491,-0.0058227646167344,0.0029188327824365,0.0022719579785241,0.0027897540374491,-0.0882173382173382,-0.0150176370791603,0.7606335844040762,0.4521739130434782,0.9874220715301324,0.7567538007218637,0.860634164682291
diabetes,1,0.0015104638168474,-0.0005458393712672,-0.0374405726958904,0.0031833067647133,5070000000.0,50700000000.0,0.0004187850743129,-0.0001305784738581,0.0072530805935023,0.0076768443165121,-0.0004187850743128,-0.0672043010752688,-0.0015104638168474,0.7597931338028169,0.5454545454545454,0.993984468992672,0.7585037733785409,0.8621550755400175
diabetes,2,0.0041532637367698,0.0041394486880182,-0.0476367944015028,0.0079123266822199,313000000000.0,31300000000.0,0.0041256336392666,0.0039788194446463,0.0130710893912432,0.0155522265739035,-0.0041256336392666,-0.079721362229102,0.0041532637367698,0.7597654088746265,0.3962264150943396,0.9884064311495132,0.7555506945203981,0.8600237990856141
diabetes,3,0.0069671380269491,0.0051049440005035,31000000000.0,0.000732390589762,2680000000.0,2680000000.0,0.0032427499740579,0.0041616285288403,-0.0030639576492379,-0.0016342846642861,-0.003242749974058,-0.0015723270440251,0.0069671380269491,0.7594308405029782,0.4155844155844156,0.9915782565897407,0.7565350541397791,0.8608402100525131
diabetes,4,0.0027323419613904,0.0013357579190855,0.0230571667241567,0.0002242175373719,251000000.0,251000000.0,-60800000000.0,0.0006281494581461,-0.0004504964026103,-0.000659787993768,608000000000.0,0.0454545454545454,0.0027323419613904,0.7598720494153982,0.4805194805194805,0.9915782565897407,0.75751941375916,0.861394185683026
diabetes,0,0.0139998326615186,0.0085089253397682,0.0237735056330128,0.0062030755589133,192000000000.0,192000000000.0,0.0030180180180179,0.005558614692411,0.0106425357348419,0.011747860528846,-0.003018018018018,0.0592948717948717,0.0139998326615186,0.7600617488146433,0.5,0.9919063764628676,0.7579569069233293,0.861678854928433
diabetes,1,0.0151633695940394,0.0067537290023333,0.1239720948079544,0.0039138389358191,7660000000.0,766000000.0,-0.0016559115893726,0.0023355561034417,0.0120527280992586,0.010393291718088,0.0016559115893725,0.258337481333997,0.0151633695940394,0.7598586104053905,0.4333333333333333,0.9901564038061904,0.7566444274308214,0.8607895889382469
diabetes,2,0.0050138679703382,-0.0043084924721368,0.0039616002226203,0.0056492428825697,160000000000.0,16000000000.0,-0.0036031169739355,-0.0042828520521271,0.01900612735081,0.0177178251957849,0.0036031169739355,0.0256410256410256,-0.0050138679703382,0.7614556751359148,0.4846153846153846,0.9857814721644974,0.75751941375916,0.8609421062535282
diabetes,3,0.0025821758081703,-0.0019261061470237,0.0435931361201766,0.0017030512441181,1450000000.0,14500000000.0,-0.0025821758081703,-0.0022401311821435,-0.0002671125270392,-0.0017161867702678,0.0025821758081703,0.0854700854700855,-0.0012700364858772,0.7602429596907786,0.4772727272727273,0.9903751503882752,0.75751941375916,0.8613074757585236
diabetes,4,0.0045188729399255,0.0006419392429585,0.1417532406073545,0.0008998698690691,4050000000.0,4050000000.0,-0.0032349944540084,-0.0013882433135374,0.0071038438870005,0.0050310681924056,0.0032349944540084,0.2885375494071146,0.0045188729399255,0.7593265103994717,0.4821428571428571,0.9938750957016296,0.7576287870502023,0.8616383616383616
ricci,0,0.6,0.3999999999999999,-0.5674603174603174,0.3650398096425383,0.0666270313119303,0.064051633158997,0.6,0.4666666666666667,0.111111111111111,0.2777777777777778,-0.6,-0.8571428571428571,0.1999999999999999,0.3529411764705882,0.1428571428571428,0.7083333333333334,0.2916666666666667,0.4137931034482758
ricci,1,0.375,0.3125,-0.3397727272727272,0.1546796083845572,0.011962890625,0.0115915677597389,0.375,0.3125,0.0625,0.0795454545454545,-0.375,-0.6,0.25,0.4210526315789473,0.4,0.7916666666666666,0.4166666666666667,0.5333333333333333
ricci,2,0.25,0.2249999999999999,-0.4969696969696969,0.2016818965311216,0.020337793694195,0.0202475138377673,0.25,0.2307692307692307,0.2657342657342657,0.3272727272727272,-0.25,-0.6666666666666666,0.1999999999999999,0.4285714285714285,0.3333333333333333,0.875,0.4166666666666667,0.5625
ricci,3,0.3333333333333333,0.25,-0.3282828282828283,0.1060785715980035,0.0056263316761363,0.0056195781636894,0.3333333333333333,0.25,-0.0378787878787878,-0.0101010101010101,-0.3333333333333333,-0.6666666666666666,0.1666666666666666,0.45,0.3333333333333333,0.8695652173913043,0.4347826086956521,0.5806451612903226
ricci,4,0.6666666666666667,0.3958333333333333,-0.4791666666666666,0.2692763740564701,0.0362548828125,0.0370061739620442,0.125,0.2727272727272727,0.5681818181818182,0.625,-0.125,-0.3333333333333333,0.6666666666666667,0.5,0.6666666666666666,0.8695652173913043,0.5217391304347826,0.6451612903225806
ricci,0,0.5,0.2,-0.6794871794871795,0.3217038776063382,0.0517466924334769,0.0548053347242772,0.5,0.3285714285714286,0.0428571428571428,0.358974358974359,-0.5,-1.0,-0.0999999999999999,0.4210526315789473,0.2,0.7916666666666666,0.375,0.5161290322580645
ricci,1,0.25,0.1875,-0.1083333333333333,0.0285714285714326,0.0004081632653062,0.0004082188158642,0.25,0.1666666666666666,-0.2500000000000001,-0.2833333333333332,-0.25,-0.5,0.125,0.4545454545454545,0.5,0.9166666666666666,0.4583333333333333,0.6060606060606061
ricci,2,0.1666666666666666,0.0833333333333333,-0.5576923076923077,0.0836242010007086,0.0034965034965034,0.0035170755045357,0.1666666666666666,0.0909090909090909,0.06993006993007,0.1153846153846154,-0.1666666666666666,-1.0,0.0,0.4347826086956521,0.0,0.9583333333333334,0.4166666666666667,0.5882352941176471
ricci,3,0.2857142857142857,0.1428571428571428,-0.5681818181818181,0.1345145523294037,0.0090470823941899,0.0090390787497435,0.2857142857142857,0.1666666666666666,0.053030303030303,0.1363636363636363,-0.2857142857142857,-1.0,0.0,0.4285714285714285,0.0,0.9130434782608696,0.391304347826087,0.5625
ricci,4,0.25,0.1875,-0.4636363636363636,0.1951779778897222,0.0190472215265604,0.0190605919952435,0.125,0.1666666666666666,0.3939393939393939,0.4272727272727273,-0.125,-0.5,0.25,0.4761904761904761,0.5,0.9130434782608696,0.4782608695652174,0.625
ricci,0,0.375,-0.0625,0.2307692307692308,0.0228098961673056,0.0002601456815816,0.0002615787111404,-0.375,-0.0625,0.3125,0.205128205128205,0.375,0.6666666666666667,0.25,0.4736842105263157,0.4,0.7916666666666666,0.4583333333333333,0.5806451612903226
ricci,1,0.25,0.125,-0.0982142857142857,0.0808122035641778,0.003265306122449,0.003208159994814,0.0,0.125,0.25,0.1964285714285714,0.0,0.0,0.25,0.5,1.0,0.9166666666666666,0.5416666666666666,0.6666666666666666
ricci,2,0.3333333333333333,0.2380952380952381,-0.2848484848484848,0.1426530487659153,0.0101749461611053,0.0101287930321432,0.1428571428571429,0.2307692307692307,0.2517482517482518,0.2363636363636363,-0.1428571428571428,-0.3333333333333333,0.3333333333333333,0.4761904761904761,0.6666666666666666,0.875,0.5,0.625
ricci,3,0.1999999999999999,0.0999999999999999,-0.0916666666666666,0.0742390003340474,0.0027557145852993,0.0027642260996928,0.0,0.0909090909090909,0.2196969696969696,0.1833333333333333,0.0,0.0,0.1999999999999999,0.5,1.0,0.9565217391304348,0.5217391304347826,0.6666666666666666
ricci,4,0.4,0.2,-0.2136363636363636,0.1621228459931177,0.013141908596454,0.0130142333871788,0.0,0.1538461538461538,0.4692307692307692,0.4272727272727272,0.0,0.0,0.4,0.5238095238095238,1.0,0.9130434782608696,0.5652173913043478,0.6875
ricci,0,0.3636363636363636,0.1262626262626262,-0.7944444444444444,0.332609093796384,0.0553144046380259,0.0542845719995657,0.3636363636363636,0.1857142857142857,0.3,0.5888888888888888,-0.3636363636363636,-1.0,-0.1111111111111111,0.4210526315789473,0.2,0.7916666666666666,0.375,0.5161290322580645
ricci,1,0.3,0.2055555555555556,-0.5083333333333333,0.1585602907767963,0.012570682905611,0.0117534328958651,0.3,0.2105263157894736,0.2210526315789474,0.2666666666666667,-0.3,-0.75,0.1111111111111111,0.4,0.25,0.8333333333333334,0.375,0.5161290322580645
ricci,2,0.5714285714285714,0.369047619047619,-0.4056818181818182,0.2090605025017735,0.021853146853147,0.0217581882329817,0.5714285714285714,0.3846153846153846,-0.0559440559440559,0.0113636363636363,-0.5714285714285714,-0.8,0.1666666666666666,0.3684210526315789,0.2,0.7916666666666666,0.3333333333333333,0.4666666666666667
ricci,3,0.25,0.1875,-0.0818181818181818,0.0474757243515523,0.0011269722013522,0.0011289535688679,0.25,0.1666666666666666,-0.3030303030303031,-0.3363636363636363,-0.25,-0.5,0.125,0.4761904761904761,0.5,0.9130434782608696,0.4782608695652174,0.625
ricci,4,0.4444444444444444,0.1597222222222222,-0.6666666666666667,0.2660409325231319,0.0353888888888888,0.0349861765355574,0.4444444444444444,0.2076923076923077,0.0846153846153845,0.3333333333333333,-0.4444444444444444,-1.0,-0.125,0.3888888888888889,0.2,0.782608695652174,0.3478260869565217,0.4827586206896552
student_math,0,0.3333333333333333,-0.1577380952380952,0.015,0.1520970227429714,0.0115667521636379,0.0130998372440162,0.0178571428571429,-0.0909090909090909,-0.1363636363636363,-0.155,-0.0178571428571428,-0.125,-0.3333333333333333,0.7796610169491526,0.65,0.7468354430379747,0.7468354430379747,0.8214285714285714
student_math,1,0.2954545454545454,-0.0477272727272727,-0.2108585858585858,0.1003751281573144,0.0050375831762986,0.0054454727551803,0.1999999999999999,-0.1382488479262673,-0.1797235023041474,-0.0227272727272727,-0.2,-0.4444444444444444,-0.2954545454545454,0.8103448275862069,0.7142857142857143,0.7341772151898734,0.7848101265822784,0.8468468468468469
student_math,2,0.5,-0.2236842105263157,-0.0090909090909091,0.0422625864706856,0.000893063107596,0.000897282871723,0.0526315789473684,-0.3148148148148147,-0.1851851851851852,-0.1818181818181818,-0.0526315789473684,-0.2,-0.5,0.8305084745762712,0.8,0.7468354430379747,0.8227848101265823,0.875
student_math,3,0.1363636363636363,-0.0979437229437229,-0.2291666666666666,0.0730836386047809,0.0026706091158571,0.0027612677032187,-0.0595238095238095,-0.15,0.05625,0.2083333333333333,0.0595238095238095,-0.25,-0.1363636363636363,0.7796610169491526,0.65,0.7468354430379747,0.7468354430379747,0.8214285714285714
student_math,4,0.1111111111111111,-0.0902777777777777,0.0163879598662207,0.09814164436698,0.0048158911795273,0.0049116715053665,-0.1111111111111111,-0.1623931623931623,0.141025641025641,0.1672240802675585,0.1111111111111111,0.2,-0.0694444444444444,0.8064516129032258,0.8235294117647058,0.7848101265822784,0.810126582278481,0.8695652173913043
student_math,0,0.9090909090909092,-0.4509222661396574,-0.1025862068965517,0.1735842381615902,0.0150657438690698,0.0173541918069336,0.0072463768115942,-0.2973856209150326,-0.3006535947712417,-0.3448275862068966,-0.0072463768115942,-0.55,-0.9090909090909092,0.7377049180327869,0.5555555555555556,0.7721518987341772,0.6962025316455697,0.7894736842105263
student_math,1,0.5,0.0476190476190476,0.1616666666666666,0.074004629606536,0.0027383426016002,0.0028597957992989,-0.4047619047619047,-0.0075757575757575,0.5075757575757576,0.4266666666666666,0.4047619047619047,0.75,0.5,0.7704918032786885,0.6666666666666666,0.7721518987341772,0.7468354430379747,0.8245614035087719
student_math,2,0.4473684210526315,-0.3986842105263157,-0.1,0.1027262754685149,0.0052763438358166,0.0053380868685454,-0.4473684210526315,-0.4942528735632184,0.0919540229885057,0.25,0.4473684210526316,0.0499999999999999,-0.35,0.8245614035087719,0.7272727272727273,0.7215189873417721,0.7974683544303798,0.8545454545454545
student_math,3,0.393939393939394,-0.2430223285486443,-0.1833333333333333,0.044703681150883,0.0009992095542199,0.0009991974364865,-0.0921052631578946,-0.3,-0.0666666666666666,0.0666666666666667,0.0921052631578947,-0.3,-0.393939393939394,0.7741935483870968,0.7058823529411765,0.7848101265822784,0.759493670886076,0.8347826086956521
student_math,4,0.3888888888888889,-0.198989898989899,-0.0333333333333333,0.0627369354741239,0.0019679615363421,0.0019450019587003,-0.009090909090909,-0.1814516129032257,-0.1008064516129032,-0.1,0.009090909090909,-0.1666666666666666,-0.3888888888888889,0.7833333333333333,0.6842105263157895,0.759493670886076,0.759493670886076,0.831858407079646
student_math,0,0.4166666666666666,-0.2458333333333333,-0.353125,0.0883437462380884,0.0039023087496898,0.0043937305895872,-0.0749999999999999,-0.2735042735042734,-0.0042735042735042,0.15625,0.075,-0.55,-0.4166666666666666,0.7014925373134329,0.5,0.8481012658227848,0.6708860759493671,0.7833333333333333
student_math,1,0.4499999999999999,-0.2683333333333333,-0.0416666666666666,0.0535255208615484,0.00143249069175,0.0014660439742876,-0.0866666666666666,-0.2571428571428571,-0.0571428571428571,-0.0666666666666666,0.0866666666666666,-0.15,-0.4499999999999999,0.75,0.6666666666666666,0.810126582278481,0.7341772151898734,0.8205128205128205
student_math,2,0.6470588235294118,-0.2818627450980392,0.0416666666666666,0.0531164734217398,0.0014106798743811,0.0014291169700444,0.0833333333333333,-0.1382113821138212,-0.3170731707317072,-0.3333333333333333,-0.0833333333333333,-0.25,-0.6470588235294118,0.7727272727272727,0.8461538461538461,0.8354430379746836,0.7848101265822784,0.8571428571428571
student_math,3,0.358974358974359,-0.2544871794871794,0.0416666666666666,0.1014445220808952,0.0051454955301106,0.0054002526453723,-0.15,-0.2467532467532468,-0.0476190476190476,-0.0833333333333333,0.15,0.0,-0.358974358974359,0.7076923076923077,0.5,0.8227848101265823,0.6708860759493671,0.7796610169491526
student_math,4,0.7272727272727273,0.3011363636363636,0.4055555555555555,0.0477541875556585,0.0011402312145505,0.0011281439729074,-0.125,0.1376623376623376,0.2779220779220779,0.1888888888888888,0.125,1.0,0.7272727272727273,0.7796610169491526,0.65,0.7468354430379747,0.7468354430379747,0.8214285714285714
student_math,0,0.4285714285714286,0.0551948051948051,0.0551948051948051,0.0679566864481779,0.0023090556165079,0.0023148329798851,-0.3181818181818182,-0.0919540229885057,0.3908045977011495,0.3181818181818182,0.3181818181818182,0.4285714285714286,0.4285714285714286,0.7457627118644068,0.55,0.7468354430379747,0.6962025316455697,0.7857142857142857
student_math,1,0.2083333333333333,0.0849358974358974,-0.3426573426573426,0.1318165592317356,0.0086878026438468,0.0097365009092138,0.2083333333333333,-0.0360360360360361,0.009009009009009,0.2307692307692307,-0.2083333333333333,-0.4545454545454545,-0.0384615384615384,0.7230769230769231,0.5714285714285714,0.8227848101265823,0.6962025316455697,0.7966101694915254
student_math,2,0.238095238095238,,-0.5059288537549407,0.09864945457484,0.0048658574439567,0.0042426389456145,,-0.0098039215686275,0.4019607843137256,0.7391304347826086,,-0.2727272727272727,0.238095238095238,0.7903225806451613,0.7647058823529411,0.7848101265822784,0.7848101265822784,0.8521739130434782
student_math,3,0.8,-0.5911764705882353,0.0905797101449275,0.0926645308063791,0.0042933576347831,0.0047447329790152,-0.3823529411764705,-0.6018518518518519,-0.1203703703703703,-0.3478260869565217,0.3823529411764705,-0.1666666666666666,-0.8,0.7384615384615385,0.6428571428571429,0.8227848101265823,0.7215189873417721,0.8135593220338984
student_math,4,0.2777777777777778,-0.25,0.1355072463768116,0.1074114600839352,0.0057686108786814,0.0060300630818807,-0.2222222222222222,-0.2268518518518518,0.0416666666666666,-0.1043478260869565,0.2222222222222222,0.1666666666666666,-0.2777777777777778,0.7540983606557377,0.6111111111111112,0.7721518987341772,0.7215189873417721,0.8070175438596491
student_port,0,0.6,-0.4157407407407407,-0.3982142857142857,0.039508361242948,0.0007804553040516,0.0007766117722087,-0.2314814814814815,-0.3670715249662617,0.2375168690958164,0.1964285714285714,0.2314814814814814,-0.6,-0.6,0.8898305084745762,0.5833333333333334,0.9076923076923076,0.8615384615384616,0.9210526315789472
student_port,1,0.2666666666666666,-0.175,0.0831646423751686,0.0205877593468935,0.0002119279174628,0.0002147352234923,-0.0833333333333333,-0.2013958125623131,0.1086739780658025,0.0836707152496626,0.0833333333333333,0.25,-0.2666666666666666,0.8974358974358975,0.6153846153846154,0.9,0.8692307692307693,0.9251101321585904
student_port,2,0.475,-0.2732142857142857,0.1231481481481481,0.0409152302786832,0.0008370280343788,0.0008454957860808,-0.0714285714285714,-0.1923444976076554,0.0306220095693779,0.0037037037037037,0.0714285714285714,0.25,-0.475,0.8925619834710744,0.7777777777777778,0.9307692307692308,0.8846153846153846,0.935064935064935
student_port,3,0.5833333333333334,-0.3333333333333333,0.130503144654088,0.0391703630668883,0.0007671586713959,0.0007663940519702,-0.0833333333333333,-0.2314814814814815,0.0324074074074074,-0.0110062893081761,0.0833333333333333,0.25,-0.5833333333333334,0.9051724137931034,0.6428571428571429,0.8923076923076924,0.8769230769230769,0.9292035398230089
student_port,4,,,0.5638297872340425,0.0905225265636168,0.0040971639077303,0.0041012420252511,-0.0909090909090909,-0.0909090909090909,-0.0367504835589941,-0.1276595744680851,0.0909090909090909,1.0,,0.8571428571428571,0.6666666666666666,0.9767441860465116,0.8527131782945736,0.9191489361702128
student_port,0,0.5,-0.3516771488469601,-0.317251461988304,0.0371709306577191,0.0006908390429804,0.0006851010450881,-0.2033542976939203,-0.2904509283819628,0.2042440318302387,0.1345029239766081,0.2033542976939203,-0.5,-0.5,0.8823529411764706,0.5454545454545454,0.9153846153846154,0.8538461538461538,0.9170305676855895
student_port,1,0.2666666666666666,-0.1157894736842105,-0.3074712643678161,0.0492845702980402,0.0012144844347312,0.0012134613500119,0.0350877192982456,-0.1854838709677418,0.0443548387096773,0.1149425287356321,-0.0350877192982456,-0.5,-0.2666666666666666,0.8907563025210085,0.6363636363636364,0.9153846153846154,0.8692307692307693,0.925764192139738
student_port,2,0.6388888888888888,-0.375,0.1372410546139359,0.0626158521585305,0.0019603724707694,0.0019553574786125,-0.1111111111111111,-0.291025641025641,0.0205128205128205,-0.0244821092278719,0.1111111111111111,0.25,-0.6388888888888888,0.9067796610169492,0.75,0.9076923076923076,0.8923076923076924,0.9385964912280702
student_port,3,0.8571428571428571,-0.4644105894105894,-0.0973684210526315,0.0444505445608268,0.000987925455877,0.0010166067893171,-0.0716783216783216,-0.2994350282485876,-0.0519774011299435,-0.1052631578947368,0.0716783216783216,-0.3,-0.8571428571428571,0.905982905982906,0.6923076923076923,0.9,0.8846153846153846,0.933920704845815
student_port,4,1.0,-0.5518617021276595,-0.1681818181818181,0.073099678447346,0.0026717814945526,0.0027417744952485,-0.1037234042553191,-0.2043650793650793,-0.0674603174603174,-0.1636363636363636,0.1037234042553191,-0.5,-1.0,0.875,0.5555555555555556,0.9302325581395348,0.8527131782945736,0.9170305676855895
student_port,0,0.1428571428571429,-0.0992063492063492,0.2195550351288056,0.0319571125486138,0.0005106285212223,0.0005182661646825,-0.1428571428571429,-0.1606837606837606,0.1452991452991453,0.0608899297423887,0.1428571428571428,0.5,-0.0555555555555555,0.8991596638655462,0.7272727272727273,0.9153846153846154,0.8846153846153846,0.9344978165938864
student_port,1,0.375,-0.1875,-0.0286458333333333,0.0334704514840006,0.0005601355612714,0.0005464213123669,0.0,-0.1274725274725275,0.0351648351648352,0.0572916666666666,0.0,0.0,-0.375,0.873015873015873,1.0,0.9692307692307692,0.8769230769230769,0.9322033898305084
student_port,2,0.0999999999999999,-0.0499999999999999,0.2099383667180277,0.0336035181787188,0.0005645982169937,0.000572244342613,-0.0999999999999999,-0.1054590570719603,0.1339950372208436,0.0801232665639445,0.1,0.5,0.0,0.8823529411764706,0.5454545454545454,0.9153846153846154,0.8538461538461538,0.9170305676855895
student_port,3,0.1666666666666667,-0.0833333333333333,-0.0378605769230769,0.0364369005916897,0.0006638238623643,0.0006555406809287,0.0,-0.056043956043956,0.065934065934066,0.0757211538461538,0.0,0.0,-0.1666666666666667,0.8780487804878049,0.7142857142857143,0.946153846153846,0.8692307692307693,0.927038626609442
student_port,4,0.9,-0.5660714285714286,0.1536458333333333,0.1152269590896021,0.0066386260505184,0.0067566088774063,-0.2321428571428571,-0.3030303030303031,0.0707070707070707,-0.140625,0.2321428571428571,0.1666666666666666,-0.9,0.8548387096774194,0.4,0.9612403100775194,0.8372093023255814,0.9098712446351932
student_port,0,0.25,-0.2071428571428571,-0.0499999999999999,0.016804019752328,0.0001411875399183,0.0001423893987167,-0.1642857142857142,-0.2232142857142857,0.1607142857142857,0.1,0.1642857142857143,0.0,-0.25,0.8813559322033898,0.5,0.9076923076923076,0.8461538461538461,0.912280701754386
student_port,1,0.9090909090909092,-0.4363636363636363,-0.2539682539682539,0.052673324990242,0.0013872395827638,0.0013905936459214,0.0363636363636363,-0.0974025974025974,-0.1818181818181817,-0.1587301587301587,-0.0363636363636363,-0.6666666666666666,-0.9090909090909092,0.8760330578512396,0.5555555555555556,0.9307692307692308,0.8538461538461538,0.9177489177489178
student_port,2,0.25,-0.117063492063492,-0.2996575342465753,0.0309038973368575,0.0004775254353035,0.0004718633914559,0.0158730158730159,-0.0844444444444445,0.0622222222222221,0.0993150684931507,-0.0158730158730158,-0.5,-0.25,0.8650793650793651,0.75,0.9692307692307692,0.8615384615384616,0.923728813559322
student_port,3,0.0999999999999999,0.0788461538461538,-0.3599137931034483,0.0749116154432493,0.0028058750641586,0.0030192511931704,0.0576923076923077,0.0645161290322581,-0.0685483870967742,-0.0301724137931034,-0.0576923076923076,-0.75,0.0999999999999999,0.8677685950413223,0.4444444444444444,0.9307692307692308,0.8384615384615385,0.9090909090909092
student_port,4,,,-0.1807692307692308,0.0333882620593475,0.0005573880216718,0.0005662455268513,0.0175438596491228,0.0298507462686566,-0.1492537313432835,-0.1384615384615384,-0.0175438596491228,-0.5,,0.864,0.75,0.9689922480620154,0.8604651162790697,0.9230769230769232
law,0,0.2611627906976744,-0.1620980896243242,-0.1069603401718651,0.0208537400860305,0.0002174392377878,0.000214575406165,-0.0630333885509739,-0.1392177135327015,0.1532748800854951,0.1418182544677195,0.0630333885509739,-0.0721024258760107,-0.2611627906976744,0.9060252913463924,0.6299212598425197,0.969471153846154,0.8975961538461539,0.9449185415050426
law,1,0.3096437114440388,-0.189085724739195,-0.1378028951306549,0.012630305553741,79800000000.0,79000000000.0,-0.0685277380343513,-0.1417914949230924,0.1470694681813612,0.1285469667318982,0.0685277380343512,-0.1470588235294117,-0.3096437114440388,0.9032098765432098,0.6090909090909091,0.9735576923076924,0.8954326923076923,0.9438782092633208
law,2,0.3306911857958148,-0.2312218623684184,0.0296649476129903,0.022477825752867,0.0002526263252881,0.0002587672674425,-0.1317525389410221,-0.2063004998057055,0.1839186732592781,0.1351145492184637,0.1317525389410221,0.1944444444444444,-0.3306911857958148,0.9097989949748744,0.5555555555555556,0.9567307692307692,0.8944711538461538,0.942845983595886
law,3,0.2963057324840764,-0.1879146554517769,-0.1900405930938109,0.0136987994551355,93800000000.0,93200000000.0,-0.0795235784194774,-0.1507757271598941,0.1620163509794399,0.1402820650325686,0.0795235784194774,-0.2397991211550533,-0.2963057324840764,0.905938123752495,0.5364238410596026,0.9636931954796826,0.8925222409232989,0.9420158256583214
law,4,0.2763803680981594,-0.1999184077227871,-0.0565839197090735,0.0149618932280157,0.0001119291244832,0.0001106384901839,-0.1234564473474147,-0.174695766819376,0.183527935071628,0.1304092187284919,0.1234564473474147,0.0172413793103448,-0.2763803680981594,0.9041231992051664,0.5413533834586466,0.9680211589324356,0.8925222409232989,0.9421508994435098
law,0,0.0705882352941176,-0.0472590294108982,-0.1163820851002165,0.0327383968933616,0.0005359013155736,0.0005266037124348,-0.0239298235276788,-0.0416386053294445,0.1253877767466524,0.1173795548158178,0.0239298235276787,-0.1153846153846153,-0.0705882352941176,0.9002954209748892,0.5510204081632653,0.9764423076923076,0.8920673076923077,0.9421615354888574
law,1,0.3115553905711407,-0.1809695467429151,-0.1666034540248765,0.0118050816631614,69700000000.0,69400000000.0,-0.0503837029146896,-0.1156287231969744,0.1008823344651319,0.0832069080497531,0.0503837029146896,-0.25,-0.3115553905711407,0.9043478260869564,0.5481481481481482,0.9675480769230768,0.8927884615384616,0.9422728449391664
law,2,0.2167258637391023,-0.1279978876217635,-0.094208882938106,0.0253618958146771,0.0003216128796572,0.00031590160216,-0.0392699115044247,-0.0866270601135824,0.1095598154811587,0.0955606230190692,0.0392699115044247,-0.0928571428571428,-0.2167258637391023,0.9017241379310345,0.6,0.9759615384615384,0.8944711538461538,0.9434351243396468
law,3,0.2236164545723586,-0.1255475244692273,-0.2045804981119741,0.0259662816374628,0.000337123891038,0.0003324921342738,-0.0274785943660959,-0.0834964641119856,0.124186427822011,0.1218981235952218,0.0274785943660959,-0.2872628726287263,-0.2236164545723586,0.9044665012406948,0.5658914728682171,0.968982928588603,0.8939648954075499,0.9429569266589056
law,4,0.1366637955785242,-0.095249280274375,-0.0214668891046607,0.0115644933832072,66900000000.0,66400000000.0,-0.0538347649702258,-0.0757109557109557,0.1267132867132867,0.098489333764877,0.0538347649702258,0.0555555555555555,-0.1366637955785242,0.9006180469715699,0.4912280701754385,0.9725895647992304,0.889396489540755,0.940614510715208
law,0,0.0834362457548626,-0.0521762750678669,-0.0894535746973206,0.0327313578672917,0.0005356708939183,0.0005241182802966,-0.0209163043808712,-0.0397443006965307,0.1409179824374311,0.1344627049501969,0.0209163043808713,-0.0444444444444444,-0.0834362457548626,0.8985791278784909,0.5769230769230769,0.98125,0.8925480769230769,0.9425671334960812
law,1,0.1191482310050542,-0.0677159549154576,-0.1515946226174952,0.0279295884280134,0.0003900309548791,0.0003812435176683,-0.016283678825861,-0.0493980697661717,0.1380827176194302,0.1377757114004039,0.016283678825861,-0.1654135338345864,-0.1191482310050542,0.9011799410029498,0.6195652173913043,0.9778846153846154,0.8949519230769231,0.943750804479341
law,2,0.3283336381927931,-0.1946776500656415,-0.0471061456177586,0.0136773686804832,93500000000.0,92200000000.0,-0.0610216619384899,-0.1210887989615941,0.0959028785217989,0.0656408626640889,0.0610216619384898,-0.0285714285714285,-0.3283336381927931,0.9043133366385722,0.5793650793650794,0.9697115384615383,0.8944711538461538,0.9432449903038138
law,3,0.1555081355028007,-0.0952814786921792,-0.1074024401476399,0.0264763068692798,0.0003504974127181,0.0003444500877615,-0.0350548218815577,-0.0616624575379205,0.1140147109816833,0.097921763412163,0.0350548218815577,-0.1168831168831168,-0.1555081355028007,0.8980093389039076,0.4777777777777778,0.9783601827362348,0.8889156047126713,0.9405405405405406
law,4,0.0762269404803341,-0.0619633356684954,-0.0315285181858404,0.0175689880821866,0.000154334671116,0.0001517540843948,-0.0476997308566568,-0.0585369579511566,0.143328706255853,0.1196046554192999,0.0476997308566567,0.056547619047619,-0.0762269404803341,0.8981253083374445,0.4285714285714285,0.9747535465256072,0.8862707381582111,0.9390070921985816
law,0,0.159086188992731,-0.086691048109886,-0.2181420144028021,0.020879555865313,0.0002179779265663,0.000211680561081,-0.0142959072270409,-0.0561084337689543,0.1326371302656356,0.1362840288056043,0.014295907227041,-0.3,-0.159086188992731,0.8952612393681653,0.6222222222222222,0.9891826923076924,0.8923076923076924,0.9426816786079836
law,1,0.0084249084249085,-0.0031592683251451,-0.2160167281827587,0.0246105200147591,0.0003028388476984,0.0002945307186245,0.0021063717746182,-0.0056006470867151,0.1204445932000111,0.1243411486732097,-0.0021063717746182,-0.3076923076923077,-0.0084249084249085,0.8930041152263375,0.5862068965517241,0.993028846153846,0.8908653846153847,0.9420326864147088
law,2,0.0093096249165612,-0.0068193146227827,0.0107974449054584,0.0133511206369566,89100000000.0,87800000000.0,-0.0093096249165612,-0.0100141357759401,0.0786606740642167,0.0736432054271782,0.0093096249165613,0.0952380952380952,-0.0043290043290042,0.8921996124031008,0.4375,0.9923076923076924,0.8887019230769231,0.9408609017754502
law,3,0.0732142857142856,-0.0550509323550999,0.0184150208076774,0.0039537988570263,7820000000.0,778000000.0,-0.0368875789959142,-0.0445481283422459,0.0811470588235294,0.0584080536227403,0.0368875789959141,0.0952380952380952,-0.0732142857142856,0.8936118532912315,0.4761904761904761,0.9899014186102428,0.889396489540755,0.9411614223586596
law,4,0.1491611123879568,-0.1178915007103038,-0.1099724739468789,0.010089339504872,50900000000.0,50500000000.0,-0.0866218890326508,-0.1033428300094967,0.1698385565052231,0.1306592336080436,0.0866218890326508,-0.0892857142857143,-0.1491611123879568,0.8924757281553398,0.3846153846153846,0.9906227458523684,0.8877133926424622,0.9402889656054212
