dataset,fold,eq_odds,av_odds,av_pred_diff,cof_variation_allgroups,entropy_index_allgroups,theil_index_allgroups,eq_opportunity,stat_parity,error_rate,false_discovery_rate_dif,false_negative_rate_diff,false_omisson_rate_dif,pred_equality,binary_confusion_matrix,ppv,npv,selection_rate,accuracy,f1-score
adult,0,0.0,0.0,0.061008113720536924,0.016583098410142983,0.00013749957644024338,0.00019249285941810835,0.0,0.0,0.12201622744107377,0.0,0.0,0.12201622744107385,0.0,"{'GTP': 2158.0, 'GFP': 0.0, 'GTN': 6887.0, 'GFN': 0.0}",0.0,0.7614151464897734,0.0,0.7614151464897734,0.0
adult,1,0.0,0.0,-0.0009342082267520396,0.01534626113446493,0.00011775386540359442,0.00012102960095248563,0.0,0.0,-0.001868416453503996,0.0,0.0,-0.0018684164535040793,0.0,"{'GTP': 2158.0, 'GFP': 0.0, 'GTN': 6887.0, 'GFN': 0.0}",0.0,0.7614151464897734,0.0,0.7614151464897734,0.0
adult,2,0.0,0.0,0.03682117819399393,0.0148111941032295,0.00010968573538177016,0.00010819958967454362,0.0,0.0,0.07364235638798788,0.0,0.0,0.07364235638798786,0.0,"{'GTP': 2158.0, 'GFP': 0.0, 'GTN': 6886.0, 'GFN': 0.0}",0.0,0.7613887660327289,0.0,0.7613887660327289,0.0
adult,3,0.0,0.0,0.013133825417201539,0.014697509687908832,0.00010800839551308699,0.00010400794187576489,0.0,0.0,0.026267650834403078,0.0,0.0,0.026267650834403078,0.0,"{'GTP': 2158.0, 'GFP': 0.0, 'GTN': 6886.0, 'GFN': 0.0}",0.0,0.7613887660327289,0.0,0.7613887660327289,0.0
adult,4,0.0,0.0,-0.08107738284200501,0.011838438429213071,7.007431222113442e-05,6.672822574429168e-05,0.0,0.0,-0.1621547656840101,0.0,0.0,-0.16215476568401002,0.0,"{'GTP': 2158.0, 'GFP': 0.0, 'GTN': 6886.0, 'GFN': 0.0}",0.0,0.7613887660327289,0.0,0.7613887660327289,0.0
adult,0,0.0,0.0,0.038773821598249075,0.013419896623250844,9.00468126893697e-05,8.895071883025295e-05,0.0,0.0,0.0775476431964982,0.0,0.0,0.07754764319649815,0.0,"{'GTP': 2158.0, 'GFP': 0.0, 'GTN': 6887.0, 'GFN': 0.0}",0.0,0.7614151464897734,0.0,0.7614151464897734,0.0
adult,1,0.0,0.0,0.004942339373970345,0.008929431880509205,3.9867376854327085e-05,4.022056675835274e-05,0.0,0.0,0.009884678747940745,0.0,0.0,0.00988467874794069,0.0,"{'GTP': 2158.0, 'GFP': 0.0, 'GTN': 6887.0, 'GFN': 0.0}",0.0,0.7614151464897734,0.0,0.7614151464897734,0.0
adult,2,0.0,0.0,0.002152588699634861,0.009526386640805974,4.537602121506326e-05,4.352604665935018e-05,0.0,0.0,0.004305177399269722,0.0,0.0,0.004305177399269722,0.0,"{'GTP': 2158.0, 'GFP': 0.0, 'GTN': 6886.0, 'GFN': 0.0}",0.0,0.7613887660327289,0.0,0.7613887660327289,0.0
adult,3,0.0,0.0,-0.03698814971254254,0.014496664667602435,0.00010507664324245639,0.00010041619650467972,0.0,0.0,-0.0739762994250851,0.0,0.0,-0.07397629942508507,0.0,"{'GTP': 2158.0, 'GFP': 0.0, 'GTN': 6886.0, 'GFN': 0.0}",0.0,0.7613887660327289,0.0,0.7613887660327289,0.0
adult,4,0.0,0.0,-0.017216054957432336,0.009845585399095818,4.8467775925444375e-05,4.4459367772812525e-05,0.0,0.0,-0.03443210991486467,0.0,0.0,-0.03443210991486467,0.0,"{'GTP': 2158.0, 'GFP': 0.0, 'GTN': 6886.0, 'GFN': 0.0}",0.0,0.7613887660327289,0.0,0.7613887660327289,0.0
adult,0,0.0,0.0,0.01917789262212552,0.013256555106651422,8.786812664784294e-05,8.492633146641339e-05,0.0,0.0,0.038355785244250984,0.0,0.0,0.03835578524425104,0.0,"{'GTP': 2158.0, 'GFP': 0.0, 'GTN': 6887.0, 'GFN': 0.0}",0.0,0.7614151464897734,0.0,0.7614151464897734,0.0
adult,1,0.0,0.0,-0.0008441715080065859,0.006132461664003534,1.88035430302365e-05,1.8832063139476773e-05,0.0,0.0,-0.0016883430160132828,0.0,0.0,-0.0016883430160131718,0.0,"{'GTP': 2158.0, 'GFP': 0.0, 'GTN': 6887.0, 'GFN': 0.0}",0.0,0.7614151464897734,0.0,0.7614151464897734,0.0
adult,2,0.0,0.0,0.0092401383666907,0.01194732072397118,7.136923624071563e-05,0.00012622829977432107,0.0,0.0,0.018480276733381373,0.0,0.0,0.0184802767333814,0.0,"{'GTP': 2158.0, 'GFP': 0.0, 'GTN': 6886.0, 'GFN': 0.0}",0.0,0.7613887660327289,0.0,0.7613887660327289,0.0
adult,3,0.0,0.0,-0.015829814527767383,0.012479125143200232,7.78642821698261e-05,7.665106084977235e-05,0.0,0.0,-0.031659629055534766,0.0,0.0,-0.031659629055534766,0.0,"{'GTP': 2158.0, 'GFP': 0.0, 'GTN': 6886.0, 'GFN': 0.0}",0.0,0.7613887660327289,0.0,0.7613887660327289,0.0
adult,4,0.0,0.0,-0.0018162557113791944,0.004367805732092419,9.538863456649694e-06,9.742269067997223e-06,0.0,0.0,-0.0036325114227584443,0.0,0.0,-0.003632511422758389,0.0,"{'GTP': 2158.0, 'GFP': 0.0, 'GTN': 6886.0, 'GFN': 0.0}",0.0,0.7613887660327289,0.0,0.7613887660327289,0.0
adult,0,0.0,0.0,-0.0024017101379840144,0.00901031884442043,4.059292283905895e-05,4.002103203195109e-05,0.0,0.0,-0.004803420275968029,0.0,0.0,-0.004803420275968029,0.0,"{'GTP': 2158.0, 'GFP': 0.0, 'GTN': 6887.0, 'GFN': 0.0}",0.0,0.7614151464897734,0.0,0.7614151464897734,0.0
adult,1,0.0,0.0,0.00933782378832601,0.011301313218094654,6.385984022674046e-05,6.448311867836504e-05,0.0,0.0,0.018675647576651966,0.0,0.0,0.01867564757665202,0.0,"{'GTP': 2158.0, 'GFP': 0.0, 'GTN': 6887.0, 'GFN': 0.0}",0.0,0.7614151464897734,0.0,0.7614151464897734,0.0
adult,2,0.0,0.0,-0.0016694543790311545,0.019737357256788376,0.00019478163574104836,0.0002442663959539755,0.0,0.0,-0.003338908758062309,0.0,0.0,-0.003338908758062309,0.0,"{'GTP': 2158.0, 'GFP': 0.0, 'GTN': 6886.0, 'GFN': 0.0}",0.0,0.7613887660327289,0.0,0.7613887660327289,0.0
adult,3,0.0,0.0,-0.005180756203774117,0.014222618273142378,0.00010114143527176174,0.0001554223375910223,0.0,0.0,-0.010361512407548235,0.0,0.0,-0.010361512407548235,0.0,"{'GTP': 2158.0, 'GFP': 0.0, 'GTN': 6886.0, 'GFN': 0.0}",0.0,0.7613887660327289,0.0,0.7613887660327289,0.0
adult,4,0.0,0.0,-0.006461386719974135,0.016517016413687045,0.00013640591560500366,0.00014485773699528882,0.0,0.0,-0.012922773439948299,0.0,0.0,-0.01292277343994827,0.0,"{'GTP': 2158.0, 'GFP': 0.0, 'GTN': 6886.0, 'GFN': 0.0}",0.0,0.7613887660327289,0.0,0.7613887660327289,0.0
kdd,0,,,-0.04199545903500049,0.18110639105590262,0.01639976244064676,0.016330855084013565,,,0.6242753623188406,-0.9547021171836534,,-0.03869303525365434,,"{'GTP': 721.0, 'GFP': 0.0, 'GTN': 11279.0, 'GFN': 0.0}",0.04529788281634663,0.9369044036513191,0.16925,0.786,0.06686046511627906
kdd,1,,,-0.0012484394506866417,0.2708727527414202,0.03668602408885729,0.034582181890967574,,,0.4304956896551724,-1.0,,-0.0024968789013732834,,"{'GTP': 721.0, 'GFP': 0.0, 'GTN': 11279.0, 'GFN': 0.0}",0.0,0.9270980788675429,0.17583333333333334,0.7640833333333333,0.0
kdd,2,,,-0.015907842729835094,0.06908081639845688,0.002386079597138655,0.0023855596377660025,,,0.20756646216768915,-0.9709569577935646,,-0.0027726432532347504,,"{'GTP': 721.0, 'GFP': 0.0, 'GTN': 11279.0, 'GFN': 0.0}",0.07738636363636364,0.9875,0.7333333333333333,0.32008333333333333,0.14305220039911773
kdd,3,,,-0.02423469387755102,0.0452937089580312,0.0010257600355874177,0.0011175495898736432,,,0.927860696517413,-1.0,,-0.04846938775510204,,"{'GTP': 721.0, 'GFP': 0.0, 'GTN': 11279.0, 'GFN': 0.0}",0.0023674242424242425,0.9085648148148148,0.352,0.5895833333333333,0.004044489383215369
kdd,4,,,0.04274781776874327,0.026970969108115157,0.0003637165873154511,0.0003448167218239887,,,-0.3496045582107322,0.9145043644625135,,0.0,,"{'GTP': 722.0, 'GFP': 0.0, 'GTN': 11278.0, 'GFN': 0.0}",0.08393396884445478,1.0,0.7168333333333333,0.3433333333333333,0.15486915486915487
kdd,0,,,0.05719493143551467,0.3252156146511587,0.05288259800646548,0.05435197373491595,,,-0.8856101371289706,0.0,,0.11438986287102934,,"{'GTP': 721.0, 'GFP': 0.0, 'GTN': 11279.0, 'GFN': 0.0}",0.0004179728317659352,0.9003465003465003,0.39875,0.5415,0.000726480203414457
kdd,1,,,0.0712979890310786,0.004593559956924674,1.0550396538930903e-05,1.0480739154952563e-05,,,-0.14259597806215718,0.8574040219378428,,0.0,,"{'GTP': 721.0, 'GFP': 0.0, 'GTN': 11279.0, 'GFN': 0.0}",0.06833475499952611,1.0,0.87925,0.18083333333333335,0.1279276082327892
kdd,2,,,0.032115812917594654,0.008138204913093031,3.311518960374578e-05,3.28017753569362e-05,,,-0.06423162583518927,0.9357683741648107,,0.0,,"{'GTP': 721.0, 'GFP': 0.0, 'GTN': 11279.0, 'GFN': 0.0}",0.060083333333333336,0.0,1.0,0.060083333333333336,0.11335586824935147
kdd,3,,,0.032153861445184374,0.004960352682414237,1.2302549366967055e-05,1.226536305783634e-05,,,-0.06430772289036879,0.9356922771096312,,0.0,,"{'GTP': 721.0, 'GFP': 0.0, 'GTN': 11279.0, 'GFN': 0.0}",0.060083333333333336,0.0,1.0,0.060083333333333336,0.11335586824935147
kdd,4,,,0.08290547763292126,0.06252499117256408,0.0019546872605646077,0.0016430027238582235,,,-0.7996128597879145,0.8815970628728774,,0.04740801813871998,,"{'GTP': 722.0, 'GFP': 0.0, 'GTN': 11278.0, 'GFN': 0.0}",0.11481156879929887,0.9526651574398024,0.19016666666666668,0.7933333333333333,0.1744340878828229
kdd,0,0.0,,-0.057692307692307696,0.008353376673308445,3.488945092308683e-05,3.518708655053289e-05,,0.0,0.11538461538461542,0.11538461538461542,,0.0,0.0,"{'GTP': 721.0, 'GFP': 0.0, 'GTN': 11279.0, 'GFN': 0.0}",0.060083333333333336,0.0,1.0,0.060083333333333336,0.11335586824935147
kdd,1,,,-0.0014947683109118087,0.007182412090887984,2.5793521721666952e-05,2.555889138305311e-05,,,0.002989536621823663,-0.9970104633781763,,0.0,,"{'GTP': 721.0, 'GFP': 0.0, 'GTN': 11279.0, 'GFN': 0.0}",0.060083333333333336,0.0,1.0,0.060083333333333336,0.11335586824935147
kdd,2,,,-0.014218009478672985,0.05697364258884693,0.001622997974920836,0.001444438293656363,,,0.10087719298245612,-0.9715639810426541,,0.0,,"{'GTP': 721.0, 'GFP': 0.0, 'GTN': 11279.0, 'GFN': 0.0}",0.06706074194863433,0.9447420355229772,0.4088333333333333,0.5859166666666666,0.11693620046205794
kdd,3,,,0.0,0.0011672837382805024,6.812756628270522e-07,6.672106197254735e-07,,,-1.0,0.0,,0.0,,"{'GTP': 721.0, 'GFP': 0.0, 'GTN': 11279.0, 'GFN': 0.0}",0.0,0.9399166666666666,0.0,0.9399166666666666,0.0
kdd,4,0.0,,0.0,0.02831152707170475,0.00040077128256593546,0.00039411390929599134,,0.0,0.0,0.0,,0.0,0.0,"{'GTP': 722.0, 'GFP': 0.0, 'GTN': 11278.0, 'GFN': 0.0}",0.0,0.9398333333333333,0.0,0.9398333333333333,0.0
kdd,0,0.1518324607329843,,-0.003067484662576687,0.007046245652812814,2.482478889989174e-05,2.5115945672355127e-05,,0.15104166666666663,0.15625,0.006134969325153339,,0.0,0.1518324607329843,"{'GTP': 721.0, 'GFP': 0.0, 'GTN': 11279.0, 'GFN': 0.0}",0.060420682141959274,1.0,0.9944166666666666,0.06566666666666666,0.11395606132448238
kdd,1,0.9769230769230769,,0.0,0.06993528700338704,0.0024454721841230577,0.002090031183127749,,0.9769230769230769,0.9769230769230769,1.0,,0.0,0.9769230769230769,"{'GTP': 721.0, 'GFP': 0.0, 'GTN': 11279.0, 'GFN': 0.0}",0.00187207488299532,0.9187038089823764,0.26708333333333334,0.6738333333333333,0.003056546102903719
kdd,2,0.9651162790697675,,-0.017857142857142856,0.054101243612891675,0.0014634722802307262,0.0012470768586688246,,0.9651162790697675,0.9294019933554818,1.0,,-0.03571428571428571,0.9651162790697675,"{'GTP': 721.0, 'GFP': 0.0, 'GTN': 11279.0, 'GFN': 0.0}",0.0,0.9173165137614679,0.2733333333333333,0.6665833333333333,0.0
kdd,3,1.0,,0.0,0.03960571164800702,0.0007843061975725393,0.0007445201386181968,,1.0,1.0,1.0,,0.0,1.0,"{'GTP': 721.0, 'GFP': 0.0, 'GTN': 11279.0, 'GFN': 0.0}",0.024682940133642438,0.8842939790014999,0.6110833333333333,0.359,0.044946610379935435
kdd,4,1.0,-1.0,0.01068003487358326,0.03737879174779266,0.0006985870362624265,0.0006390739819506591,-1.0,-1.0,-0.9245858761987795,-0.972972972972973,1.0,0.04838709677419355,-1.0,"{'GTP': 722.0, 'GFP': 0.0, 'GTN': 11278.0, 'GFN': 0.0}",0.0961835997937081,0.9570302881063777,0.32316666666666666,0.6788333333333333,0.16217391304347825
german_credit,0,0.49606299212598426,0.49271234712682194,-0.02008456659619448,0.060141069687881875,0.001808474131601332,0.0017341233960092679,0.4893617021276596,0.49425287356321834,0.0,-0.2272727272727273,-0.48936170212765956,-0.26744186046511625,0.49606299212598426,"{'GTP': 60.0, 'GFP': 0.0, 'GTN': 140.0, 'GFN': 0.0}",0.3185840707964602,0.7241379310344828,0.565,0.495,0.4161849710982659
german_credit,1,,,-0.3114035087719298,0.10849812346554318,0.005885921397772125,0.007444213680940403,,,0.2953367875647668,-0.7105263157894737,,-0.3333333333333333,,"{'GTP': 60.0, 'GFP': 0.0, 'GTN': 140.0, 'GFN': 0.0}",0.296875,0.625,0.96,0.31,0.4523809523809524
german_credit,2,,,-0.2387727879057359,0.025592196858116638,0.0003274802700122975,0.0003758031085760841,,,0.3919597989949748,-0.6763005780346821,,-0.15384615384615385,,"{'GTP': 60.0, 'GFP': 0.0, 'GTN': 140.0, 'GFN': 0.0}",0.3236994219653179,0.8518518518518519,0.865,0.395,0.48068669527896996
german_credit,3,0.0,,-0.14795918367346939,0.03387503255587157,0.0005737589153306794,0.0006467052809751947,,0.0,0.29591836734693877,0.29591836734693877,,0.0,0.0,"{'GTP': 60.0, 'GFP': 0.0, 'GTN': 140.0, 'GFN': 0.0}",0.3,0.0,1.0,0.3,0.46153846153846156
german_credit,4,,,-0.28927595628415304,0.11290417553364572,0.006373676426466143,0.00867862427074157,,,0.44329896907216493,-0.7131147540983607,,-0.2916666666666667,,"{'GTP': 60.0, 'GFP': 0.0, 'GTN': 140.0, 'GFN': 0.0}",0.2926829268292683,0.6883116883116883,0.615,0.445,0.39344262295081966
german_credit,0,,,-0.27604166666666663,0.0,0.0,0.0,,,0.68,-0.75,,-0.3020833333333333,,"{'GTP': 60.0, 'GFP': 0.0, 'GTN': 140.0, 'GFN': 0.0}",0.25,0.6979166666666666,0.04,0.68,0.058823529411764705
german_credit,1,,,-0.29905782975958417,0.0844770575192164,0.0035681866235524984,0.004421373747135085,,,0.45641025641025634,-0.7105263157894737,,-0.30864197530864196,,"{'GTP': 60.0, 'GFP': 0.0, 'GTN': 140.0, 'GFN': 0.0}",0.2894736842105263,0.686046511627907,0.57,0.46,0.3793103448275862
german_credit,2,,,-0.294755877034358,0.0,0.0,0.0,,,0.39,-0.6962025316455697,,-0.2857142857142857,,"{'GTP': 60.0, 'GFP': 0.0, 'GTN': 140.0, 'GFN': 0.0}",0.3037974683544304,0.7142857142857143,0.79,0.39,0.44036697247706424
german_credit,3,0.0,0.0,0.10025380710659898,0.01715241876784239,0.00014710273479371595,0.0001457745837577104,0.0,0.0,-0.20050761421319796,-0.20050761421319796,0.0,0.0,0.0,"{'GTP': 60.0, 'GFP': 0.0, 'GTN': 140.0, 'GFN': 0.0}",0.3,0.0,1.0,0.3,0.46153846153846156
german_credit,4,,,0.23382126348228038,0.07088812050083176,0.002512562814070222,0.005012541823544132,-0.0847457627118644,-0.11055276381909548,0.6432160804020101,-0.7727272727272727,0.0847457627118644,0.6949152542372881,,"{'GTP': 60.0, 'GFP': 0.0, 'GTN': 140.0, 'GFN': 0.0}",0.22727272727272727,0.6910112359550562,0.11,0.64,0.12195121951219512
german_credit,0,0.0,0.0,0.07562536358347877,0.018444058566281302,0.00017009164819820733,0.00017488809739409902,0.0,0.0,-0.15125072716695753,-0.15125072716695753,0.0,0.0,0.0,"{'GTP': 60.0, 'GFP': 0.0, 'GTN': 140.0, 'GFN': 0.0}",0.3,0.0,1.0,0.3,0.46153846153846156
german_credit,1,,,0.18994162550516386,0.07088812050082553,0.00251256281406978,0.00501254182354369,-0.5932203389830508,-0.6582914572864321,0.39698492462311563,-0.732824427480916,0.5932203389830508,0.6470588235294117,,"{'GTP': 60.0, 'GFP': 0.0, 'GTN': 140.0, 'GFN': 0.0}",0.26717557251908397,0.6376811594202898,0.655,0.395,0.36649214659685864
german_credit,2,,,-0.15,2.1073424255447017e-08,2.220446049250313e-16,2.6122894697062503e-16,,,0.30000000000000004,-0.7,,0.0,,"{'GTP': 60.0, 'GFP': 0.0, 'GTN': 140.0, 'GFN': 0.0}",0.3,0.0,1.0,0.3,0.46153846153846156
german_credit,3,,,-0.15,0.0,0.0,0.0,,,0.7,0.0,,-0.3,,"{'GTP': 60.0, 'GFP': 0.0, 'GTN': 140.0, 'GFN': 0.0}",0.0,0.7,0.0,0.7,0.0
german_credit,4,,,-0.15,0.0,0.0,0.0,,,0.7,0.0,,-0.3,,"{'GTP': 60.0, 'GFP': 0.0, 'GTN': 140.0, 'GFN': 0.0}",0.0,0.7,0.0,0.7,0.0
german_credit,0,0.2222222222222222,-0.1579861111111111,-0.24957805907172995,0.08758957392381254,0.003835966730077511,0.006475154218100214,-0.2222222222222222,-0.13186813186813187,-0.03003663003662993,-0.5,0.2222222222222222,0.0008438818565401074,-0.09375,"{'GTP': 60.0, 'GFP': 0.0, 'GTN': 140.0, 'GFN': 0.0}",0.5,0.7272727272727273,0.12,0.7,0.2857142857142857
german_credit,1,0.2202380952380953,-0.04035160575858257,-0.030485922346387473,0.04601019089684674,0.0010584688331821393,0.0009717655122965036,-0.2202380952380953,0.04819819819819826,0.16396396396396407,0.17027417027417024,0.22023809523809518,0.10930232558139535,0.13953488372093015,"{'GTP': 60.0, 'GFP': 0.0, 'GTN': 140.0, 'GFN': 0.0}",0.30275229357798167,0.7032967032967034,0.545,0.485,0.3905325443786982
german_credit,2,0.24378109452736318,0.11411276948590379,0.3615096445082098,0.09242087075887835,0.004270808675914647,0.0068862090510072105,-0.0155555555555556,0.04565217391304344,0.0905797101449276,-0.21895424836601307,0.015555555555555545,0.5040650406504066,0.24378109452736318,"{'GTP': 60.0, 'GFP': 0.0, 'GTN': 140.0, 'GFN': 0.0}",0.24324324324324326,0.6292134831460674,0.555,0.415,0.3157894736842105
german_credit,3,0.27731092436974797,-0.10497217259607258,0.1600765306122449,0.08297385135939551,0.0034423300047055306,0.003736390379587984,-0.27731092436974797,-0.050561797752809,0.1299157303370787,-0.007653061224489832,0.27731092436974786,0.3125,0.0673665791776028,"{'GTP': 60.0, 'GFP': 0.0, 'GTN': 140.0, 'GFN': 0.0}",0.3669724770642202,0.7802197802197802,0.545,0.555,0.47337278106508873
german_credit,4,0.0,0.0,0.11185770750988144,0.06054031975676202,0.0018325651581254949,0.0019183634760123916,0.0,0.0,-0.2237154150197629,-0.2237154150197629,0.0,0.0,0.0,"{'GTP': 60.0, 'GFP': 0.0, 'GTN': 140.0, 'GFN': 0.0}",0.3,0.0,1.0,0.3,0.46153846153846156
dutch,0,0.7267500432476127,-0.5682844126947598,0.24503104427900674,0.28854890936537514,0.04163023654797374,0.04071064207643085,-0.4098187821419069,-0.5565323875710689,-0.24322965804978736,-0.3277113094395685,0.409818782141907,0.162350779118445,-0.7267500432476127,"{'GTP': 5753.0, 'GFP': 0.0, 'GTN': 6331.0, 'GFN': 0.0}",0.5352610231584456,0.6257599639720783,0.6324892419728567,0.5685203574975174,0.6107793371155569
dutch,1,0.9324441528771303,0.9276951321254383,0.21839058886000878,0.23554759012732665,0.027741333607395537,0.029661890428967,0.9229461113737464,0.934821730141097,0.14113465709750672,-0.2528677734517464,-0.9229461113737464,0.1839134042682712,0.9324441528771303,"{'GTP': 5753.0, 'GFP': 0.0, 'GTN': 6331.0, 'GFN': 0.0}",0.5910738842355294,0.7490820073439413,0.6619496855345912,0.6444885799404171,0.68760907504363
dutch,2,0.2725680585881842,-0.17668402401156347,0.06788672107085159,0.11813471715789464,0.006977905698987883,0.006888638243562554,-0.08079998943494271,-0.1712974689267054,-0.2168515222937376,-0.21677362770488734,0.08079998943494276,-0.08100018556318422,-0.2725680585881842,"{'GTP': 5753.0, 'GFP': 0.0, 'GTN': 6331.0, 'GFN': 0.0}",0.4985596503427039,0.6360932077342588,0.8330850711684873,0.52151605428666,0.6345132743362832
dutch,3,0.9295780740756122,0.9108962922008996,0.45160359968709207,0.2194413955774998,0.024077263046500378,0.02598753223485242,0.9295780740756122,0.9014139855014428,0.10834649949883635,-0.3850373393130105,-0.9295780740756122,0.5181698600611737,0.8922145103261869,"{'GTP': 5752.0, 'GFP': 0.0, 'GTN': 6332.0, 'GFN': 0.0}",0.5530649588289113,0.725748502994012,0.7236014564713671,0.6007944389275075,0.6672185430463576
dutch,4,0.008595988538681931,0.006153281838914226,0.08870739341170965,0.0741860111445034,0.0027517821247661912,0.0026518402366000017,0.0037105751391465214,0.007443082311733851,-0.2902575145644948,-0.2950618456469487,-0.0037105751391465678,-0.11764705882352941,0.008595988538681931,"{'GTP': 5752.0, 'GFP': 0.0, 'GTN': 6332.0, 'GFN': 0.0}",0.47650617386260047,0.8823529411764706,0.9985931810658722,0.47707712677921216,0.645378528536955
dutch,0,0.49721417428125697,0.4854736608272858,0.3187506784177596,0.18246833532913487,0.016647346698892805,0.01790929986385215,0.49721417428125697,0.48572078734782115,0.10434673912123915,0.4773951745139377,-0.4972141742812569,0.11489653134945682,0.47373314737331473,"{'GTP': 5753.0, 'GFP': 0.0, 'GTN': 6331.0, 'GFN': 0.0}",0.5226048254860624,0.5493282149712092,0.35327706057596825,0.5398874544852698,0.44522051486729197
dutch,1,0.08922837012833029,-0.04422484726743747,0.10544767612551936,0.030559005749220523,0.0004669264161904465,0.00044900329997012747,0.0007786755934553469,-0.03705278389681599,-0.15304310867159598,-0.1769125585992702,-0.0007786755934554163,0.033982793651768484,-0.08922837012833029,"{'GTP': 5753.0, 'GFP': 0.0, 'GTN': 6331.0, 'GFN': 0.0}",0.5196157735085946,0.7201458523245214,0.8184376034425687,0.5560244952002649,0.6570350955699035
dutch,2,0.47500827161436454,0.46409296925036087,0.18237801835230005,0.020889545562865597,0.00021818655691151884,0.0002233741768204933,0.47500827161436454,0.46105829646935614,-0.029587299412969337,-0.3476303912657017,-0.47500827161436465,0.017125645438898468,0.4531776668863572,"{'GTP': 5753.0, 'GFP': 0.0, 'GTN': 6331.0, 'GFN': 0.0}",0.4902656398719391,0.8349146110056926,0.956388613042039,0.5052962595167163,0.6546504910456383
dutch,3,0.26363636363636367,0.2226554645985926,-0.040465094231003335,0.0054017982835132625,1.4589712347883414e-05,1.4502487568078086e-05,0.26363636363636367,0.2028135990621337,-0.16782899617465186,-0.25432992714492975,-0.2636363636363636,-0.3352601156069364,0.1816745655608215,"{'GTP': 5752.0, 'GFP': 0.0, 'GTN': 6332.0, 'GFN': 0.0}",0.47804550415582237,0.6647398843930635,0.9856835484938762,0.48071830519695463,0.6447375870463681
dutch,4,0.13177649671246794,-0.07120311034903559,0.0671067533524714,0.06864629890693807,0.0023561571768103435,0.002346163286405399,-0.010629723985603245,-0.062308763095192066,-0.1671017416724998,-0.16837026901211755,0.010629723985603197,-0.03415676230717479,-0.13177649671246794,"{'GTP': 5752.0, 'GFP': 0.0, 'GTN': 6332.0, 'GFN': 0.0}",0.5024344569288389,0.7250712250712251,0.8838133068520357,0.5283018867924528,0.6531158714703018
dutch,0,0.30121796037084164,0.21139257593789246,0.46696078620131015,0.026445187952424745,0.0003496739829195354,0.00034136522393833976,0.30121796037084164,0.21171212259418043,0.186402027157604,0.28608358466178374,-0.3012179603708417,0.22000515706440404,0.12156719150494324,"{'GTP': 5753.0, 'GFP': 0.0, 'GTN': 6331.0, 'GFN': 0.0}",0.7139164153382163,0.5804568267950425,0.19207216153591525,0.6060906984442238,0.41045330691107257
dutch,1,0.744091460946985,0.5493688650754033,0.19677727466598433,0.05135325387675597,0.001318578341865276,0.0014432364955579639,0.744091460946985,0.5463665601031994,0.06881433797045733,-0.3615128088525087,-0.7440914609469851,0.03204174047945993,0.35464626920382153,"{'GTP': 5753.0, 'GFP': 0.0, 'GTN': 6331.0, 'GFN': 0.0}",0.6609656425003784,0.7469417564360051,0.5467560410460113,0.6999337967560411,0.7066343042071197
dutch,2,0.6374429223744292,0.5101644614799252,0.3763929451497196,0.07486117560492403,0.0028020978064756366,0.003021840764521569,0.6374429223744292,0.5100069023022672,0.12983029526727996,-0.6245526127415891,-0.6374429223744292,0.12823327755785008,0.3828860005854213,"{'GTP': 5753.0, 'GFP': 0.0, 'GTN': 6331.0, 'GFN': 0.0}",0.6244408659867597,0.6515781370284834,0.4625124131082423,0.6390268123138034,0.6154117439605008
dutch,3,0.7650982045378387,0.6220868911508681,-0.10236123053571379,0.0973026620524954,0.004733904021251064,0.0050671334494715335,0.7650982045378387,0.631601040017588,0.16592820910334094,0.35641263940520446,-0.7650982045378387,0.15169017833377693,0.4790755777638976,"{'GTP': 5752.0, 'GFP': 0.0, 'GTN': 6332.0, 'GFN': 0.0}",0.6436425584636828,0.7163675137728808,0.5343429328037074,0.6775074478649454,0.6808092390859202
dutch,4,0.6257148127651725,0.45096455668485846,0.45527918601944256,0.04287385383625459,0.0009190836713862613,0.0009456028034714158,0.6257148127651725,0.46163632804854177,0.1508594945304893,0.2808988764044944,-0.6257148127651725,0.19145724844337955,0.2762143006045445,"{'GTP': 5752.0, 'GFP': 0.0, 'GTN': 6332.0, 'GFN': 0.0}",0.7191011235955056,0.6796525044115651,0.39035087719298245,0.6950513075140682,0.6480084057694144
dutch,0,0.06403945021508761,0.01023376270502141,0.21755494236625575,0.06380036903663021,0.0020352435446051014,0.0019320812560273068,0.06403945021508761,0.004935471505238986,-0.04118838203140529,-0.26920325884056456,-0.06403945021508761,0.165906625891947,-0.04357192480504479,"{'GTP': 5753.0, 'GFP': 0.0, 'GTN': 6331.0, 'GFN': 0.0}",0.514384151593454,0.5593247332377768,0.4803872889771599,0.5377358490566038,0.516698390725039
dutch,1,0.49169128508124077,0.3939313398229056,0.43527271768991715,0.034075767315390366,0.0005805789590663131,0.0005953577990959409,0.49169128508124077,0.3974371234579707,0.1989141118729032,0.35923965351299325,-0.4916912850812407,0.22978508889282753,0.29617139456457053,"{'GTP': 5753.0, 'GFP': 0.0, 'GTN': 6331.0, 'GFN': 0.0}",0.6407603464870067,0.6102421796165489,0.343925852366766,0.6207381661701423,0.5374911696437582
dutch,2,0.29265515278041376,0.24171482012596998,0.379506302298264,0.02480106163769341,0.0003075463291783339,0.00031340306711544473,0.29265515278041376,0.2417196545506311,0.1362205725764949,0.3945818610129564,-0.29265515278041376,0.15359446560948437,0.1907744874715262,"{'GTP': 5753.0, 'GFP': 0.0, 'GTN': 6331.0, 'GFN': 0.0}",0.6054181389870436,0.558456537695292,0.21077457795431975,0.56835484938762,0.371566265060241
dutch,3,0.39927301342816934,0.3461650280856251,0.15651369957169656,0.04604872064685453,0.0010602423366060233,0.00110679826226283,0.39927301342816934,0.361197104010403,0.11825407049615877,-0.16134940519073682,-0.3992730134281693,0.1516779939526563,0.2930570427430809,"{'GTP': 5752.0, 'GFP': 0.0, 'GTN': 6332.0, 'GFN': 0.0}",0.5913680459314987,0.6068534053746623,0.41799073154584576,0.600380668652764,0.5529945385541053
dutch,4,0.4680369602112012,0.4586838081828575,0.29423696279281725,0.11105722572552297,0.006166853692924881,0.006921937190408316,0.4680369602112012,0.4574214146820018,0.10636901406802501,-0.4909990108803165,-0.4680369602112012,0.097474914705318,0.44933065615451373,"{'GTP': 5752.0, 'GFP': 0.0, 'GTN': 6332.0, 'GFN': 0.0}",0.49032003160806004,0.5343207063514668,0.41890102615028135,0.5158887785501489,0.45903458479748477
bank,0,,,-0.10812849999101544,0.08192941908595999,0.003356214855881433,0.003971286267493948,,,0.6482774407691427,-0.8650082918739636,,-0.0812652918559944,,"{'GTP': 1058.0, 'GFP': 0.0, 'GTN': 7985.0, 'GFN': 0.0}",0.1574372182871861,0.9041603503452922,0.34347008736038925,0.647683290943271,0.23487031700288186
bank,1,,,-0.041994562884532835,0.07671473823867472,0.0029425755315141914,0.003049123223632878,,,0.0839891257690657,-0.9160108742309343,,0.0,,"{'GTP': 1057.0, 'GFP': 0.0, 'GTN': 7985.0, 'GFN': 0.0}",0.10938945420906568,0.7182741116751269,0.9564255695642557,0.13592125635921257,0.1949510561566203
bank,2,,,-0.05390014567606939,0.011006218401369079,6.0568421749317666e-05,6.097503495274442e-05,,,0.10780029135213876,-0.8921997086478612,,0.0,,"{'GTP': 1058.0, 'GFP': 0.0, 'GTN': 7984.0, 'GFN': 0.0}",0.11700951117009512,0.0,1.0,0.11700951117009512,0.2095049504950495
bank,3,,,-0.04784721284923742,0.02411157928272075,0.00029068412775346426,0.0002946728311829822,,,0.09569442569847486,-0.9043055743015251,,0.0,,"{'GTP': 1058.0, 'GFP': 0.0, 'GTN': 7984.0, 'GFN': 0.0}",0.11700951117009512,0.0,1.0,0.11700951117009512,0.2095049504950495
bank,4,0.0,0.0,0.010169854688534805,0.025853012271720363,0.00033418912176086185,0.00033915480046839376,0.0,0.0,-0.020339709377069637,-0.020339709377069637,0.0,0.0,0.0,"{'GTP': 1058.0, 'GFP': 0.0, 'GTN': 7984.0, 'GFN': 0.0}",0.11700951117009512,0.0,1.0,0.11700951117009512,0.2095049504950495
bank,0,,,-0.07965167323437532,0.21149621058994633,0.02236532354695346,0.025151797475171718,,,0.49858597285067874,-0.935908691834943,,-0.09521203830369357,,"{'GTP': 1058.0, 'GFP': 0.0, 'GTN': 7985.0, 'GFN': 0.0}",0.06592765460910152,0.8518254674977738,0.3790777396881566,0.5539091009620701,0.10075791350869372
bank,1,,,-0.11565728394699319,0.010238539998865533,5.2413850654184714e-05,5.1543467723358515e-05,,,0.5898141775636614,-0.8549265106151334,,-0.08624107850911975,,"{'GTP': 1057.0, 'GFP': 0.0, 'GTN': 7985.0, 'GFN': 0.0}",0.15204527913558014,0.9096023278370514,0.4298827692988277,0.583941605839416,0.23907766990291263
bank,2,,,-0.11590845801372117,0.07848375295991245,0.0030798497393362827,0.0034598530033486713,,,0.5435825435825435,-0.8508898508898509,,-0.08270676691729323,,"{'GTP': 1058.0, 'GFP': 0.0, 'GTN': 7984.0, 'GFN': 0.0}",0.14927155481251492,0.9108135942327498,0.46306126963061267,0.5581729705817297,0.23832221163012393
bank,3,,,-0.10917116046294933,0.06839971172569705,0.002339260282079229,0.0021742351572811543,,,0.7251836057806207,-0.8843464228079613,,-0.10268874373385994,,"{'GTP': 1058.0, 'GFP': 0.0, 'GTN': 7984.0, 'GFN': 0.0}",0.14285714285714285,0.8917159763313609,0.2523777925237779,0.7027206370272063,0.19520958083832335
bank,4,,,-0.1440165361183638,0.01805150296318808,0.000162928379614994,0.0001649373066714302,,,0.1102331606217617,-0.8953002610966058,,-0.18333333333333332,,"{'GTP': 1058.0, 'GFP': 0.0, 'GTN': 7984.0, 'GFN': 0.0}",0.116411574125796,0.8241758241758241,0.9899358548993585,0.12353461623534616,0.208212608652213
bank,0,,,-0.5526407428903076,0.04828681532565281,0.0011658082671468495,0.0012559589923940885,,,0.8947307335190343,0.0,,-0.1052814857806152,,"{'GTP': 1058.0, 'GFP': 0.0, 'GTN': 7985.0, 'GFN': 0.0}",0.4,0.8836307214895268,0.0022116554240849276,0.8825610969810903,0.014842300556586271
bank,1,,,-0.052734375,0.048333573025316726,0.0011680671406968123,0.0012408464398585132,,,0.89453125,0.0,,-0.10546875,,"{'GTP': 1057.0, 'GFP': 0.0, 'GTN': 7985.0, 'GFN': 0.0}",0.0,0.8830881539652693,0.00011059500110595002,0.8829904888299049,0.0
bank,2,,,-0.2236013057010552,0.028297968055499334,0.0004003874980350304,0.0004241260227327591,,,0.11443521783642363,-0.886130721931223,,-0.3333333333333333,,"{'GTP': 1058.0, 'GFP': 0.0, 'GTN': 7984.0, 'GFN': 0.0}",0.11517041657384718,0.625,0.9929219199292192,0.11877903118779032,0.20605819051414906
bank,3,,,-0.09050497205157548,0.02413523565627919,0.00029125480009206515,0.0003051116511396032,,,0.814709236031927,-0.9337748344370861,,-0.11478477854023705,,"{'GTP': 1058.0, 'GFP': 0.0, 'GTN': 7984.0, 'GFN': 0.0}",0.07759699624530664,0.8791702050224433,0.08836540588365406,0.8083388630833886,0.06677436725901992
bank,4,,,-0.05654281098546042,0.010852060246578185,5.8883605797681284e-05,5.9888184975567896e-05,,,0.11308562197092087,-0.8869143780290791,,0.0,,"{'GTP': 1058.0, 'GFP': 0.0, 'GTN': 7984.0, 'GFN': 0.0}",0.11704834605597965,1.0,0.9996682149966821,0.11734129617341296,0.20956719817767655
bank,0,,,-0.05391832958900489,0.0013572098580176173,9.210092993501003e-07,9.217699283959031e-07,,,0.8921633408219902,0.0,,-0.10783665917800977,,"{'GTP': 1058.0, 'GFP': 0.0, 'GTN': 7985.0, 'GFN': 0.0}",0.15384615384615385,0.8833240379252649,0.008625456153931217,0.877031958420878,0.02112676056338028
bank,1,,,-0.09621853375674655,0.013260584669534189,8.792155288894257e-05,8.898361984364225e-05,,,0.7310573498710549,-0.9325068870523416,,-0.12494395456583471,,"{'GTP': 1057.0, 'GFP': 0.0, 'GTN': 7985.0, 'GFN': 0.0}",0.06918238993710692,0.8729200214707461,0.17584605175846052,0.7315859323158593,0.0831129580657348
bank,2,,,-0.05759928716904277,0.0032319832346868545,5.222857814648451e-06,5.235205877598962e-06,,,0.11519857433808556,-0.8848014256619144,,0.0,,"{'GTP': 1058.0, 'GFP': 0.0, 'GTN': 7984.0, 'GFN': 0.0}",0.11696359411309062,0.8,0.9994470249944702,0.11734129617341296,0.20941059930658742
bank,3,1.0,-1.0,0.221951674403183,0.052286618707777,0.0013669452479462276,0.0016281269051918264,-1.0,-1.0,-0.3669802718832892,-0.9054418103448276,1.0,0.5384615384615384,-1.0,"{'GTP': 1058.0, 'GFP': 0.0, 'GTN': 7984.0, 'GFN': 0.0}",0.11526064243636767,0.5333333333333333,0.9950232249502322,0.11734129617341296,0.20626553953257087
bank,4,,,-0.057291666666666664,0.020498205342681514,0.00021008821113536845,0.00021352147972652157,,,0.11458333333333337,-0.8854166666666666,,0.0,,"{'GTP': 1058.0, 'GFP': 0.0, 'GTN': 7984.0, 'GFN': 0.0}",0.11724676483712629,0.9102564102564102,0.9913735899137359,0.12408759124087591,0.20973857513470365
credit_card,0,0.0,0.0,-0.00058410583132322,0.0377671402494369,0.0007131784413103184,0.0007083377436652146,0.0,0.0,-0.0011682116626464678,0.0,0.0,-0.00116821166264644,0.0,"{'GTP': 1328.0, 'GFP': 0.0, 'GTN': 4672.0, 'GFN': 0.0}",0.0,0.7786666666666666,0.0,0.7786666666666666,0.0
credit_card,1,0.0,0.0,0.0063544146688744585,0.009675967039924918,4.681216907885669e-05,4.6646744496608636e-05,0.0,0.0,-0.012708829337748972,-0.012708829337748972,0.0,0.0,0.0,"{'GTP': 1327.0, 'GFP': 0.0, 'GTN': 4673.0, 'GFN': 0.0}",0.22116666666666668,0.0,1.0,0.22116666666666668,0.362221918929985
credit_card,2,0.4615736847023643,0.4553984870010279,-0.11461010380679362,0.31157663553847964,0.04853999990673929,0.04775263448351768,0.4615736847023643,0.44639852947757674,0.24567188719806798,0.1599517286642813,-0.4615736847023642,-0.0692684789493059,0.44922328929969146,"{'GTP': 1327.0, 'GFP': 0.0, 'GTN': 4673.0, 'GFN': 0.0}",0.25881441301821,0.8072535829189822,0.43016666666666664,0.5713333333333334,0.34186284544524054
credit_card,3,0.0,0.0,-0.006290492395414765,0.07657832862759158,0.002932120207697706,0.002687101681093293,0.0,0.0,-0.012580984790829586,0.0,0.0,-0.01258098479082953,0.0,"{'GTP': 1327.0, 'GFP': 0.0, 'GTN': 4673.0, 'GFN': 0.0}",0.1282051282051282,0.778225130011743,0.0065,0.774,0.007320644216691069
credit_card,4,0.0,0.0,-0.008194456851515486,0.03725466638497201,0.0006939550837277818,0.0006922693861555326,0.0,0.0,-0.01638891370303097,0.0,0.0,-0.01638891370303097,0.0,"{'GTP': 1327.0, 'GFP': 0.0, 'GTN': 4673.0, 'GFN': 0.0}",0.21511627906976744,0.7786547700754975,0.028666666666666667,0.7625,0.049366244162775186
credit_card,0,0.7332574577692584,0.6849593344492773,-0.4073512725131044,0.32937323757327536,0.05424336481475064,0.04842931968745719,0.7332574577692584,0.6576687080281395,0.3293698787307088,0.7568093385214008,-0.7332574577692583,-0.057893206504808004,0.6366612111292962,"{'GTP': 1328.0, 'GFP': 0.0, 'GTN': 4672.0, 'GFN': 0.0}",0.256006628003314,0.7873982891717087,0.20116666666666666,0.6805,0.24378698224852072
credit_card,1,0.0,0.0,-0.003933912567165243,0.009957485082064236,4.95757545797659e-05,4.928181925888096e-05,0.0,0.0,0.007867825134330486,0.007867825134330486,0.0,0.0,0.0,"{'GTP': 1327.0, 'GFP': 0.0, 'GTN': 4673.0, 'GFN': 0.0}",0.22116666666666668,0.0,1.0,0.22116666666666668,0.362221918929985
credit_card,2,0.0,0.0,-0.003453117396557806,0.04261888708004476,0.0009081847679708031,0.0009680595321642361,0.0,0.0,-0.006906234793115584,0.0,0.0,-0.006906234793115612,0.0,"{'GTP': 1327.0, 'GFP': 0.0, 'GTN': 4673.0, 'GFN': 0.0}",0.0,0.7788333333333334,0.0,0.7788333333333334,0.0
credit_card,3,0.21565428670600484,0.1824355826380586,-0.01037133826428531,0.27770099278571336,0.038558920697085414,0.04222966884937784,0.21565428670600484,0.16698044730753536,0.06053168806423814,-0.011238455546901172,-0.21565428670600487,-0.03198113207547171,0.14921687857011234,"{'GTP': 1327.0, 'GFP': 0.0, 'GTN': 4673.0, 'GFN': 0.0}",0.20049813200498132,0.7370277078085642,0.6691666666666667,0.378,0.30138524897042307
credit_card,4,0.24991066851026147,0.24717046507862156,-0.31883869140112053,0.41032739340381036,0.08418428488878267,0.08050965704266559,0.24991066851026147,0.2450145832835402,0.09876849702359158,0.5890295358649789,-0.24991066851026156,-0.04864784693726207,0.24443026164698162,"{'GTP': 1327.0, 'GFP': 0.0, 'GTN': 4673.0, 'GFN': 0.0}",0.19366354306113343,0.7624368183027401,0.3735,0.55,0.24327354260089687
credit_card,0,0.06511653697576847,-0.06217905311126887,0.03834889031269614,0.10917012396447197,0.005959057983209089,0.006928974312738982,-0.06511653697576847,-0.060427287561716114,-0.04212426054111096,-0.010273286593217912,0.06511653697576844,0.06642449403217437,-0.059241569246769266,"{'GTP': 1328.0, 'GFP': 0.0, 'GTN': 4672.0, 'GFN': 0.0}",0.22643219724438,0.8367768595041323,0.9193333333333333,0.27566666666666667,0.36499123319696086
credit_card,1,0.17105263157894737,0.14280185758513933,0.102809837123536,0.3186707189831118,0.0507755135686067,0.046553310120432435,0.17105263157894737,0.12531328320802004,0.015730481350791137,0.74,-0.17105263157894735,-0.054380325752928005,0.11455108359133127,"{'GTP': 1327.0, 'GFP': 0.0, 'GTN': 4673.0, 'GFN': 0.0}",0.2617100371747212,0.790547798066595,0.22416666666666665,0.672,0.2634730538922156
credit_card,2,0.8875598086124402,-0.8835947191210349,0.09697319337110877,0.1473595883422028,0.010857424138191737,0.01266270634743448,-0.8796296296296297,-0.8859315589353612,-0.5034550819450331,0.009916274201988484,0.8796296296296297,0.20386266094420602,-0.8875598086124402,"{'GTP': 1327.0, 'GFP': 0.0, 'GTN': 4673.0, 'GFN': 0.0}",0.2200037320395596,0.7691107644305772,0.8931666666666667,0.2786666666666667,0.3526772360155549
credit_card,3,0.6428571428571429,0.5737650200267023,0.14521596999413167,0.40511235582563265,0.082058010421297,0.07817473531201453,0.5046728971962616,0.6072289156626506,0.35581212857785394,0.7857142857142857,-0.5046728971962617,0.07614622570254903,0.6428571428571429,"{'GTP': 1327.0, 'GFP': 0.0, 'GTN': 4673.0, 'GFN': 0.0}",0.16281569048898442,0.7525972457115245,0.31016666666666665,0.5696666666666667,0.19008782936010038
credit_card,4,0.23060879186554567,-0.18405035585520335,-0.010051157474344458,0.3080001987275855,0.04743206120811607,0.049077442282949996,-0.13749191984486103,-0.21235574624261766,-0.156644395911141,-0.019551037198096033,0.13749191984486098,-0.03965335214678495,-0.23060879186554567,"{'GTP': 1327.0, 'GFP': 0.0, 'GTN': 4673.0, 'GFN': 0.0}",0.18529520980319347,0.7496220139098881,0.4488333333333333,0.49633333333333335,0.24825870646766168
credit_card,0,0.5607535079658903,0.48395000401482074,-0.023950762901199393,0.15963378624009802,0.012741472854674654,0.011935176190843506,0.4071465000637512,0.5285328965744063,0.3299320897162774,0.04612145574066684,-0.4071465000637511,-0.0017800700617319198,0.5607535079658903,"{'GTP': 1328.0, 'GFP': 0.0, 'GTN': 4672.0, 'GFN': 0.0}",0.2766233766233766,0.836986301369863,0.5133333333333333,0.5493333333333333,0.38656987295825773
credit_card,1,0.2251046414709536,-0.18446145254238866,-0.017880780210429298,0.10853269006924104,0.005889672406832967,0.006459295325456536,-0.14381826361382372,-0.20793907936111583,-0.12521021761659445,0.0392235341204723,0.14381826361382377,0.0034619736996136796,-0.2251046414709536,"{'GTP': 1327.0, 'GFP': 0.0, 'GTN': 4673.0, 'GFN': 0.0}",0.1437908496732026,0.7620206938527084,0.1785,0.6516666666666666,0.12844036697247707
credit_card,2,0.1706670717380489,-0.15116633273606128,-0.011633001251986852,0.06660021136048233,0.0022177940766304597,0.0023712323013665723,-0.13166559373407366,-0.16383759624715838,-0.09866538393087998,0.013515064562410362,0.1316655937340736,-0.009750937941563398,-0.1706670717380489,"{'GTP': 1327.0, 'GFP': 0.0, 'GTN': 4673.0, 'GFN': 0.0}",0.1409452112086993,0.7256857855361596,0.3985,0.49266666666666664,0.18128025820333513
credit_card,3,0.6300646918624446,0.624213598696845,-0.056690489459972765,0.2234496361344085,0.024964869944299778,0.0227638380822106,0.6300646918624446,0.6200257213685665,0.3514577217892366,0.03822439922899179,-0.6300646918624446,-0.07515657969095366,0.6183625055312454,"{'GTP': 1327.0, 'GFP': 0.0, 'GTN': 4673.0, 'GFN': 0.0}",0.23942394239423942,0.789571201694018,0.37033333333333335,0.5858333333333333,0.29980276134122286
credit_card,4,0.7028146724503476,-0.6386215366089305,-0.23905910892107726,0.15572709582693053,0.012125464187345003,0.013258289748717199,-0.7028146724503476,-0.6062956499256673,-0.2898188007670265,0.07013435849642746,0.7028146724503477,-0.40798385934572706,-0.5744284007675136,"{'GTP': 1327.0, 'GFP': 0.0, 'GTN': 4673.0, 'GFN': 0.0}",0.1968147856861974,0.6433260393873085,0.8476666666666667,0.2648333333333333,0.31217838765008576
compass_7k,0,0.07534246575342465,-0.022300527632589343,0.008856062435968995,0.0020437710408206613,2.088500033648585e-06,2.095890977709224e-06,0.030741410488245968,-0.44083417423477966,-0.05045408678102925,-0.05799648506151142,-0.03074141048824593,-0.04028436018957346,-0.07534246575342465,"{'GTP': 562.0, 'GFP': 0.0, 'GTN': 673.0, 'GFN': 0.0}",0.9380378657487092,0.9740061162079511,0.47044534412955463,0.957085020242915,0.9536307961504812
compass_7k,1,0.4,,-0.7629668049792531,0.07718480022012356,0.0029787466925101924,0.0028790785473824516,,-0.39381443298969077,0.12268041237113403,0.5259336099585062,,-1.0,-0.4,"{'GTP': 562.0, 'GFP': 0.0, 'GTN': 673.0, 'GFN': 0.0}",0.44636963696369636,0.08695652173913043,0.9813765182186235,0.43967611336032386,0.6099210822998873
compass_7k,2,0.08314436885865456,0.04157218442932728,-0.2180458158017765,0.15343300087757075,0.011770842879148315,0.009881470873518218,0.0,0.12273386511965192,-0.2943437273386512,0.0,0.0,-0.436091631603553,0.08314436885865456,"{'GTP': 561.0, 'GFP': 0.0, 'GTN': 673.0, 'GFN': 0.0}",0.0,0.5205128205128206,0.05186385737439222,0.49351701782820095,0.0
compass_7k,3,0.6277777777777778,-0.43802602648668,-0.6917961049486001,0.09403554640967751,0.004421341994283307,0.004316551756811231,-0.6277777777777778,-0.3853216818642351,-0.17800151975683887,0.7829099307159353,0.6277777777777778,-0.6006822791812649,-0.24827427519558215,"{'GTP': 562.0, 'GFP': 0.0, 'GTN': 672.0, 'GFN': 0.0}",0.7329059829059829,0.7140992167101827,0.37925445705024313,0.7212317666126418,0.6660194174757281
compass_7k,4,0.0,0.0,-0.17279452976123755,0.19631660486394786,0.019270104672653717,0.017947418373057848,0.0,0.0,-0.345589059522475,0.0,0.0,-0.3455890595224751,0.0,"{'GTP': 562.0, 'GFP': 0.0, 'GTN': 672.0, 'GFN': 0.0}",0.8095238095238095,0.5848375451263538,0.10210696920583469,0.6077795786061588,0.29651162790697677
compass_7k,0,0.16246498599439774,,-0.5660262627195616,0.6178186953081675,0.1908499701361431,0.16510368485699004,,0.217472719054691,-0.19745593078065482,0.4971751412429378,,-0.6348773841961853,0.16246498599439774,"{'GTP': 562.0, 'GFP': 0.0, 'GTN': 673.0, 'GFN': 0.0}",0.2,0.38823529411764707,0.3805668016194332,0.31659919028340083,0.1821705426356589
compass_7k,1,0.5104377104377105,-0.44807599807599807,-0.5119524723413863,0.18915543124776046,0.01788988858526312,0.015539770609576729,-0.38571428571428573,-0.29212121212121217,-0.3251515151515152,0.313953488372093,0.3857142857142857,-0.7099514563106796,-0.5104377104377105,"{'GTP': 562.0, 'GFP': 0.0, 'GTN': 673.0, 'GFN': 0.0}",0.27125,0.20689655172413793,0.6477732793522267,0.248582995951417,0.3186490455212922
compass_7k,2,0.3612268080272625,-0.18061340401363124,-0.3260454255996603,0.04001728273806001,0.0008006914588689179,0.0007324735936988613,0.0,-0.3318496538081108,0.36668079694785927,0.6520908511993206,0.0,0.0,-0.3612268080272625,"{'GTP': 561.0, 'GFP': 0.0, 'GTN': 673.0, 'GFN': 0.0}",0.6875,1.0,0.6612641815235009,0.793354943273906,0.8148148148148148
compass_7k,3,0.4204851752021564,,-0.5165744536878557,0.23082591568228225,0.02664030167528204,0.03259922196495732,,-0.21871169821598807,-0.31213400517499656,0.2709867452135494,,-0.7621621621621621,-0.4204851752021564,"{'GTP': 562.0, 'GFP': 0.0, 'GTN': 672.0, 'GFN': 0.0}",0.26822157434402333,0.3102189781021898,0.5559157212317666,0.28687196110210694,0.2948717948717949
compass_7k,4,0.6743697478991597,0.5724789915966386,-0.4081415174765558,0.18379399495535614,0.01689011629082474,0.014871521207194547,0.47058823529411764,0.5369318181818182,0.29085895721925126,0.5196078431372548,-0.47058823529411764,-0.2966751918158568,0.6743697478991597,"{'GTP': 562.0, 'GFP': 0.0, 'GTN': 672.0, 'GFN': 0.0}",0.7801418439716312,0.7139334155363748,0.3427876823338736,0.7366288492706645,0.6700507614213198
compass_7k,0,0.0022988505747126436,-0.0022042776080314274,-0.4393211529374704,0.24352318238511053,0.029651770179485906,0.025904217772022155,-0.002109704641350211,-0.0022002200220022,-0.37859500235737853,-0.5,0.002109704641350185,-0.3786423058749409,-0.0022988505747126436,"{'GTP': 562.0, 'GFP': 0.0, 'GTN': 673.0, 'GFN': 0.0}",0.1111111111111111,0.5424143556280587,0.0072874493927125505,0.5392712550607287,0.0035026269702276708
compass_7k,1,0.0800252047889099,,-0.5184501361254714,0.1060480945094177,0.005623099174539194,0.004601335408881181,,0.060521415270018586,-0.15083798882681565,0.5426621160409557,,-0.4942381562099872,0.0800252047889099,"{'GTP': 562.0, 'GFP': 0.0, 'GTN': 673.0, 'GFN': 0.0}",0.53,0.5689839572192513,0.242914979757085,0.5595141700404859,0.3689095127610209
compass_7k,2,0.36887966804979255,,-0.479918040386434,0.41148146405762825,0.08465849763150461,0.07053477491577688,,-0.32340425531914896,-0.4446808510638298,0.4321608040201005,,-0.5276752767527675,-0.36887966804979255,"{'GTP': 561.0, 'GFP': 0.0, 'GTN': 673.0, 'GFN': 0.0}",0.35684647302904565,0.5216515609264853,0.1952998379254457,0.48946515397082657,0.2144638403990025
compass_7k,3,0.1561996779388084,-0.15557731644688166,-0.3624558087437433,0.07382364859939641,0.0027249655462635823,0.002442732983941726,-0.15495495495495495,0.06591836734693879,-0.1797619047619048,0.16104868913857673,0.15495495495495493,-0.5638629283489097,-0.1561996779388084,"{'GTP': 562.0, 'GFP': 0.0, 'GTN': 672.0, 'GFN': 0.0}",0.15384615384615385,0.2948148148148148,0.4529983792544571,0.23095623987034036,0.1534344335414808
compass_7k,4,0.07142857142857142,,-0.2544731610337972,0.220830304519234,0.02438301169702881,0.021585763663174343,,0.07142857142857142,-0.4375177506390231,1.0,,-0.5089463220675944,0.07142857142857142,"{'GTP': 562.0, 'GFP': 0.0, 'GTN': 672.0, 'GFN': 0.0}",0.5,0.5446428571428571,0.0016207455429497568,0.5445705024311183,0.0035460992907801418
compass_7k,0,0.06285178236397748,0.056013803269900825,-0.3013909538493687,0.26492134079981583,0.03509165840558608,0.029305166750059636,0.06285178236397748,0.06320438448952506,-0.2693051407910845,0.24719800747198006,-0.06285178236397748,-0.35558390022675734,0.04917582417582417,"{'GTP': 562.0, 'GFP': 0.0, 'GTN': 673.0, 'GFN': 0.0}",0.32038834951456313,0.5326855123674912,0.08340080971659919,0.5149797570850202,0.09924812030075188
compass_7k,1,0.4167191525908961,0.2620048042432719,-0.2755235714241344,0.18153705249708574,0.016477850714664833,0.014850831972845447,0.4167191525908961,0.1214106665469955,-0.14478500862273458,0.22540983606557374,-0.4167191525908961,-0.32563730678269504,0.10729045589564767,"{'GTP': 562.0, 'GFP': 0.0, 'GTN': 673.0, 'GFN': 0.0}",0.6875,0.6318131256952169,0.2720647773279352,0.6469635627530365,0.5144766146993318
compass_7k,2,0.007042253521126751,-0.0035211267605633756,-0.18606311414989757,0.08283935154785887,0.003431179082434874,0.003250244230613632,0.0,-0.0060975609756097615,0.36685165101414496,0.37212622829979514,0.0,0.0,-0.007042253521126751,"{'GTP': 561.0, 'GFP': 0.0, 'GTN': 673.0, 'GFN': 0.0}",0.45498783454987834,1.0,0.9991896272285251,0.4554294975688817,0.6254180602006689
compass_7k,3,0.1733333333333334,0.12065065065065067,-0.32674703966312524,0.15903456302771404,0.012645996118707975,0.011170962270744567,0.1733333333333334,-0.005861640430820214,-0.13965755316210982,0.36364814095090037,-0.17333333333333328,-0.2898459383753501,0.06796796796796796,"{'GTP': 562.0, 'GFP': 0.0, 'GTN': 672.0, 'GFN': 0.0}",0.7633333333333333,0.6434689507494646,0.24311183144246354,0.6726094003241491,0.531322505800464
compass_7k,4,0.0,0.0,-0.14516999318979518,0.1965639399448589,0.01931869124332305,0.017556647838839236,0.0,0.0,-0.29033998637959035,0.0,0.0,-0.29033998637959035,0.0,"{'GTP': 562.0, 'GFP': 0.0, 'GTN': 672.0, 'GFN': 0.0}",0.0,0.5445705024311183,0.0,0.5445705024311183,0.0
compass_4k,0,0.1098003629764066,,-0.4556930693069307,0.21412877007483672,0.022925565086881143,0.023910543420262446,,-0.03729522481700942,0.022307424189613068,0.3613861386138614,,-0.55,-0.1098003629764066,"{'GTP': 130.0, 'GFP': 0.0, 'GTN': 673.0, 'GFN': 0.0}",0.10838150289017341,0.5045045045045045,0.8617683686176837,0.16313823163138233,0.18248175182481752
compass_4k,1,0.0,,-0.14573991031390135,0.07879953841406244,0.0031046836271346506,0.003089806966382352,,0.0,0.29147982062780264,0.29147982062780264,,0.0,0.0,"{'GTP': 130.0, 'GFP': 0.0, 'GTN': 673.0, 'GFN': 0.0}",0.16189290161892902,0.0,1.0,0.16189290161892902,0.27867095391211144
compass_4k,2,0.0,,-0.12751004016064257,0.14200190994241332,0.010082271213646634,0.009885051176400548,,0.0,-0.2550200803212851,0.0,,-0.25502008032128515,0.0,"{'GTP': 130.0, 'GFP': 0.0, 'GTN': 673.0, 'GFN': 0.0}",0.0,0.838107098381071,0.0,0.838107098381071,0.0
compass_4k,3,0.34,-0.13601941747572815,-0.8735168485999051,0.21788879836755132,0.023737764227027714,0.02826136310656769,-0.34,-0.21666666666666667,-0.4642857142857143,1.0,0.33999999999999997,-0.7470336971998102,0.06796116504854369,"{'GTP': 131.0, 'GFP': 0.0, 'GTN': 672.0, 'GFN': 0.0}",0.8472222222222222,0.9042407660738714,0.0896637608966376,0.8991282689912827,0.6009852216748769
compass_4k,4,0.1184709177788762,,-0.25519469181072113,0.04659006041479503,0.0010853168647271254,0.0010205088446807364,,0.22217567378857694,0.11660382628124555,0.032128514056224855,,-0.4782608695652174,0.1184709177788762,"{'GTP': 131.0, 'GFP': 0.0, 'GTN': 672.0, 'GFN': 0.0}",0.02782608695652174,0.4956140350877193,0.7160647571606475,0.16064757160647572,0.0453257790368272
compass_4k,0,0.7035040431266847,,-0.2904219658878044,0.20793384666692885,0.02161824229485294,0.02103708707802521,,-0.5868263473053892,-0.7145708582834331,-0.8877551020408163,,-0.46859903381642515,-0.7035040431266847,"{'GTP': 130.0, 'GFP': 0.0, 'GTN': 673.0, 'GFN': 0.0}",0.05583756345177665,0.5424528301886793,0.7359900373599004,0.1843088418430884,0.09153952843273232
compass_4k,1,0.04923857868020305,0.024619289340101526,0.03952879581151833,0.10363131745920497,0.00536972497916526,0.005189256927894076,0.0,0.04115784712799638,0.11216644052464941,0.0,0.0,0.07905759162303666,0.04923857868020305,"{'GTP': 130.0, 'GFP': 0.0, 'GTN': 673.0, 'GFN': 0.0}",0.0,0.8316062176165803,0.038605230386052306,0.7995018679950187,0.0
compass_4k,2,0.0,,-0.08460365853658537,0.010126071883635441,5.126866589627611e-05,5.049349083128257e-05,,0.0,0.16920731707317072,0.16920731707317072,,0.0,0.0,"{'GTP': 130.0, 'GFP': 0.0, 'GTN': 673.0, 'GFN': 0.0}",0.16189290161892902,0.0,1.0,0.16189290161892902,0.27867095391211144
compass_4k,3,0.2059196617336152,,-0.19064154242144626,0.12031753900696948,0.007238155096346812,0.007502474625668675,,-0.20341880341880342,-0.24444444444444446,0.18644067796610164,,-0.19484240687679083,-0.2059196617336152,"{'GTP': 131.0, 'GFP': 0.0, 'GTN': 672.0, 'GFN': 0.0}",0.18487394957983194,0.8460176991150442,0.29638854296388545,0.6500622665006227,0.23848238482384823
compass_4k,4,0.0,0.0,0.11891839503779802,0.05691036035337493,0.0016193945577754945,0.00165926946642509,0.0,0.0,0.2378367900755961,0.0,0.0,0.23783679007559605,0.0,"{'GTP': 131.0, 'GFP': 0.0, 'GTN': 672.0, 'GFN': 0.0}",0.0,0.8368617683686177,0.0,0.8368617683686177,0.0
compass_4k,0,0.16422372227579554,,-0.16592920353982302,0.05412019233667657,0.0014644976092794328,0.0014174919242992293,,0.08183769858308287,0.19132674967797336,0.331858407079646,,0.0,0.16422372227579554,"{'GTP': 130.0, 'GFP': 0.0, 'GTN': 673.0, 'GFN': 0.0}",0.3951367781155015,1.0,0.40971357409713577,0.7521793275217933,0.5664488017429193
compass_4k,1,0.49056603773584906,0.02433630684978394,0.05418832575265324,0.17564320344817938,0.015425267458769269,0.01616580108512614,0.49056603773584906,-0.33353646150721106,-0.4409912654885232,-0.3223684210526315,-0.49056603773584906,-0.2139917695473251,-0.4418934240362812,"{'GTP': 130.0, 'GFP': 0.0, 'GTN': 673.0, 'GFN': 0.0}",0.1779935275080906,0.8481781376518218,0.3848069738480697,0.5902864259028643,0.2505694760820046
compass_4k,2,0.2481338481338481,-0.12406692406692404,-0.08862433862433862,0.0460191963889623,0.0010588832181429404,0.0012407081555890194,0.0,-0.2429078014184397,-0.05791962174940901,0.1772486772486772,0.0,0.0,-0.2481338481338481,"{'GTP': 130.0, 'GFP': 0.0, 'GTN': 673.0, 'GFN': 0.0}",0.17173051519154559,1.0,0.9427148194271482,0.2191780821917808,0.29312288613303267
compass_4k,3,0.13760504201680668,-0.07655445899289946,-0.12428550644826158,0.0722572454404933,0.0026105547593238457,0.0031051456129196067,-0.015503875968992248,-0.06403314917127073,-0.19668508287292819,0.006514657980456029,0.015503875968992276,-0.24205635491606714,-0.13760504201680668,"{'GTP': 131.0, 'GFP': 0.0, 'GTN': 672.0, 'GFN': 0.0}",0.005780346820809248,0.7177242888402626,0.43088418430884184,0.410958904109589,0.008385744234800839
compass_4k,4,0.10509083227714407,,-0.30897117346423447,0.22125547024330883,0.024476991556293858,0.021752151924776534,,0.061822493224932246,-0.014397018970189746,0.45977011494252873,,-0.15817223198594024,0.10509083227714407,"{'GTP': 131.0, 'GFP': 0.0, 'GTN': 672.0, 'GFN': 0.0}",0.2546583850931677,0.8598130841121495,0.20049813200498132,0.7384806973848069,0.2808219178082192
compass_4k,0,0.011627906976744186,0.005813953488372093,-0.029983363581367217,0.06899575824994233,0.0023802073282422425,0.0030210790061442117,0.0,0.010416666666666666,-0.0506465517241379,1.0,0.0,-0.059966727162734434,0.011627906976744186,"{'GTP': 130.0, 'GFP': 0.0, 'GTN': 673.0, 'GFN': 0.0}",0.0,0.8379052369077307,0.0012453300124533001,0.8368617683686177,0.0
compass_4k,1,0.09461279461279459,,-0.10453808752025932,0.021811612122347432,0.00023787321168786674,0.00023857348481832915,,-0.10948756976154239,0.08685946220192797,0.20907617504051867,,0.0,-0.09461279461279459,"{'GTP': 130.0, 'GFP': 0.0, 'GTN': 673.0, 'GFN': 0.0}",0.17615176151761516,1.0,0.9190535491905355,0.24283935242839352,0.2995391705069124
compass_4k,2,0.6844262295081968,-0.44151801947137426,-0.3510473784086977,0.04810927671989637,0.0011572512532557816,0.0012303334175931535,-0.6844262295081968,-0.20926123381568928,-0.026382330540746346,0.16586287275942457,0.6844262295081968,-0.536231884057971,-0.19860980943455175,"{'GTP': 130.0, 'GFP': 0.0, 'GTN': 673.0, 'GFN': 0.0}",0.1548731642189586,0.7407407407407407,0.9327521793275217,0.19427148194271482,0.26393629124004553
compass_4k,3,0.01166229750621764,0.00583114875310882,-0.13246753246753246,0.01644305550044872,0.00013518703709541842,0.0001339387643618881,0.0,-0.0750952058010329,0.022353800406907043,0.2649350649350649,0.0,0.0,0.01166229750621764,"{'GTP': 131.0, 'GFP': 0.0, 'GTN': 672.0, 'GFN': 0.0}",0.6121495327102804,1.0,0.26650062266500624,0.8966376089663761,0.7594202898550725
compass_4k,4,0.09090909090909094,-0.04545454545454547,-0.07540739467880975,0.04188950751992433,0.0008773654201308985,0.0010265372525028818,0.0,-0.08849557522123896,0.06489675516224191,0.1508147893576195,0.0,0.0,-0.09090909090909094,"{'GTP': 131.0, 'GFP': 0.0, 'GTN': 672.0, 'GFN': 0.0}",0.16519546027742749,1.0,0.987546699875467,0.17559153175591533,0.28354978354978355
diabetes,0,0.02132701421800948,0.020313803306214753,0.3649928768958014,0.04575115263845479,0.0010465839838735946,0.0010666420899264697,0.019300592394420026,0.019794827337090017,-0.017013469877546927,0.26277372262773724,-0.019300592394420057,-0.007240523580659963,0.02132701421800948,"{'GTP': 6930.0, 'GFP': 0.0, 'GTN': 2213.0, 'GFN': 0.0}",0.7372262773722628,0.24172773706417944,0.014984140872798863,0.24915235699442195,0.028583557379368896
diabetes,1,0.6054662379421222,0.5925058462437884,0.38359039938129924,0.5766422606960475,0.1662581484103242,0.16884208814340898,0.6054662379421222,0.5993133889161354,-0.31574523833615675,0.2295417348608838,-0.6054662379421222,-0.0032774663765177126,0.5795454545454546,"{'GTP': 6930.0, 'GFP': 0.0, 'GTN': 2213.0, 'GFN': 0.0}",0.7704582651391162,0.24660397074190177,0.2673083233074483,0.38663458383462757,0.40174951994879454
diabetes,2,0.0,0.0,-0.01840589450651353,0.014376790823560012,0.00010334605719219968,0.00010359811307958784,0.0,0.0,0.03681178901302706,0.036811789013027035,0.0,0.0,0.0,"{'GTP': 6930.0, 'GFP': 0.0, 'GTN': 2213.0, 'GFN': 0.0}",0.7579569069233293,0.0,1.0,0.7579569069233293,0.8623156846886082
diabetes,3,0.0029673590504450953,0.002240109177264915,-0.3200163325144715,0.006686791032203144,2.235658715417619e-05,2.2362334837002638e-05,0.001512859304084735,0.001853568118628357,0.014307888915704892,0.015032665028942932,-0.0015128593040847202,-0.625,0.0029673590504450953,"{'GTP': 6930.0, 'GFP': 0.0, 'GTN': 2213.0, 'GFN': 0.0}",0.7580733442802409,0.375,0.9991250136716614,0.7577381603412446,0.8621226268285092
diabetes,4,0.0,0.0,-0.008487985355906391,0.006521331464468881,2.126388203473592e-05,2.1293027066362265e-05,0.0,0.0,0.016975970711812782,0.016975970711812782,0.0,0.0,0.0,"{'GTP': 6929.0, 'GFP': 0.0, 'GTN': 2214.0, 'GFN': 0.0}",0.757847533632287,0.0,1.0,0.757847533632287,0.8622448979591837
diabetes,0,0.7876352684044992,0.7837377957089953,-0.04183189446229729,0.19603915609464181,0.019215675361149667,0.02479095099885156,0.7798403230134914,0.7815504302301057,-0.40733819168384955,0.02502181361595268,-0.7798403230134915,-0.0586419753086419,0.7876352684044992,"{'GTP': 6930.0, 'GFP': 0.0, 'GTN': 2213.0, 'GFN': 0.0}",0.7580703228129125,0.24320987654320989,0.9114076342557148,0.7124576178497211,0.827753390552316
diabetes,1,0.3009985734664765,-0.30007193630588785,0.39286653492578155,0.14762430899154586,0.010896468302615703,0.010719406224572804,-0.3009985734664765,-0.30056435463316944,0.14098551331832043,-0.018925074697111216,0.30099857346647646,0.7668079951544519,-0.2991452991452992,"{'GTP': 6930.0, 'GFP': 0.0, 'GTN': 2213.0, 'GFN': 0.0}",0.7560064068339563,0.23319200484554814,0.8194246964891173,0.6615990375150388,0.7854666481763972
diabetes,2,0.6633840644583706,-0.657827445993465,-0.38752918055792956,0.5568441959978156,0.15503772930822687,0.16639534266583406,-0.6522708275285595,-0.6549086272843179,0.3303343182703957,-0.24042829331602855,0.6522708275285595,-0.015486654431887681,-0.6633840644583706,"{'GTP': 6930.0, 'GFP': 0.0, 'GTN': 2213.0, 'GFN': 0.0}",0.7595717066839714,0.2428642138261013,0.33708848299245325,0.4170403587443946,0.4676388333999201
diabetes,3,0.0,0.0,0.008239105713733985,0.006615728756899177,2.1883933492431365e-05,2.18770150484591e-05,0.0,0.0,-0.01647821142746797,-0.01647821142746797,0.0,0.0,0.0,"{'GTP': 6930.0, 'GFP': 0.0, 'GTN': 2213.0, 'GFN': 0.0}",0.7579569069233293,0.0,1.0,0.7579569069233293,0.8623156846886082
diabetes,4,0.0,0.0,0.0015331483015340597,0.006292816108090321,1.979976728512051e-05,1.979069956058806e-05,0.0,0.0,0.0030662966030681194,0.0,0.0,0.0030662966030681194,0.0,"{'GTP': 6929.0, 'GFP': 0.0, 'GTN': 2214.0, 'GFN': 0.0}",0.0,0.242152466367713,0.0,0.242152466367713,0.0
diabetes,0,0.6899757020792457,-0.6859534189266732,0.003736143562554528,0.4074339976282069,0.08300123121165086,0.0723353198615767,-0.6899757020792457,-0.6880314421895826,0.3566989184605813,0.0029654915534478854,0.6899757020792457,0.010437778678556997,-0.6819311357741007,"{'GTP': 6930.0, 'GFP': 0.0, 'GTN': 2213.0, 'GFN': 0.0}",0.7550583194477505,0.2395791177660866,0.4594771956688177,0.47643005578037845,0.569939807744138
diabetes,1,0.17316191241462434,-0.16891027347638848,-0.3967481361157709,0.24310993162632516,0.029551219427678247,0.02843925838798065,-0.17316191241462434,-0.17119901112484548,0.07783965222799283,-0.22202166064981949,0.1731619124146243,-0.015517932881361385,-0.1646586345381526,"{'GTP': 6930.0, 'GFP': 0.0, 'GTN': 2213.0, 'GFN': 0.0}",0.7779783393501805,0.24333449761322623,0.060592803237449415,0.27573006671770756,0.11517904863709247
diabetes,2,0.0007300335815447511,0.00036501679077237555,0.4855454247505655,0.012759261101076867,8.139937192272664e-05,8.481235100146018e-05,0.0007300335815447511,0.0005530973451327434,-0.029328120972592076,0.0,-0.0007300335815447756,-0.028909150498868996,0.0,"{'GTP': 6930.0, 'GFP': 0.0, 'GTN': 2213.0, 'GFN': 0.0}",1.0,0.24217553075071133,0.0005468664552116373,0.2425899595318823,0.0014419610670511895
diabetes,3,0.45168228606544786,-0.44703705941580607,-0.3953928632375323,0.15372137271250638,0.011815130214308649,0.015029591270975466,-0.45168228606544786,-0.44945131916880693,0.20675489046008755,-0.23636363636363636,0.4516822860654478,-0.027149362838700952,-0.44239183276616434,"{'GTP': 6930.0, 'GFP': 0.0, 'GTN': 2213.0, 'GFN': 0.0}",0.7636363636363637,0.24617419232949178,0.42108717051296074,0.46407087389259544,0.5454545454545454
diabetes,4,0.0,0.0,-0.001455227412273774,0.0023867265917592384,2.8482319119053354e-06,2.8587653129428925e-06,0.0,0.0,-0.002910454824547548,0.0,0.0,-0.002910454824547548,0.0,"{'GTP': 6929.0, 'GFP': 0.0, 'GTN': 2214.0, 'GFN': 0.0}",0.0,0.242152466367713,0.0,0.242152466367713,0.0
diabetes,0,0.1711255612323889,-0.11446637403591689,-0.019359484089646883,0.016846062339040634,0.00014189490816542157,0.00013785407521681753,-0.057807186839444885,-0.08055062911140273,-0.013179935778130814,-0.025628159805374973,0.05780718683944497,-0.0643471279846688,-0.1711255612323889,"{'GTP': 6930.0, 'GFP': 0.0, 'GTN': 2213.0, 'GFN': 0.0}",0.7459862385321101,0.23922151642113798,0.1907470195778191,0.3358853767909876,0.2999769425870417
diabetes,1,0.21252061712717665,0.14137952056763875,0.02031246972878764,0.05859236372419864,0.0017165325433943944,0.001919673282194827,0.21252061712717665,0.18017815158968947,-0.15373062524617187,-0.09248868778280545,-0.21252061712717674,-0.05186374832523011,0.07023842400810087,"{'GTP': 6930.0, 'GFP': 0.0, 'GTN': 2213.0, 'GFN': 0.0}",0.7676767676767676,0.24797463895737937,0.37897845346166464,0.4449305479601881,0.5117845117845118
diabetes,2,0.14707629959168755,0.12797363366681153,-0.4015212164340433,0.02373176875904672,0.00028159842421643296,0.00029388347361476334,0.1088709677419355,0.11639165536508322,-0.012172373142016024,0.053042432868086686,-0.10887096774193548,-0.75,0.14707629959168755,"{'GTP': 6930.0, 'GFP': 0.0, 'GTN': 2213.0, 'GFN': 0.0}",0.7580716011421041,0.2702702702702703,0.9959531882314339,0.7560975609756098,0.8609378897480668
diabetes,3,0.14129192827648623,-0.12034492775291654,0.06072449757850146,0.10128261562406082,0.005129084113825624,0.004417611850907426,-0.09939792722934684,-0.1107244865909818,0.06343202150515437,-0.10147783251231526,0.09939792722934682,0.01997116264468768,-0.14129192827648623,"{'GTP': 6930.0, 'GFP': 0.0, 'GTN': 2213.0, 'GFN': 0.0}",0.703125,0.24165657010683997,0.006999890626708958,0.2448867986437712,0.012868172719473835
diabetes,4,0.0,0.0,-0.000895276809910972,0.00025135264329126747,3.158907564475357e-08,3.1603311269041273e-08,0.0,0.0,0.001790553619821944,0.0017905536198219163,0.0,0.0,0.0,"{'GTP': 6929.0, 'GFP': 0.0, 'GTN': 2214.0, 'GFN': 0.0}",0.757847533632287,0.0,1.0,0.757847533632287,0.8622448979591837
ricci,0,0.8888888888888888,-0.4444444444444444,0.21052631578947367,0.11180339887498962,0.006250000000000015,0.006731134591780467,0.0,-0.7,-0.4,-0.42105263157894735,0.0,0.0,-0.8888888888888888,"{'GTP': 12.0, 'GFP': 0.0, 'GTN': 12.0, 'GFN': 0.0}",0.6,1.0,0.8333333333333334,0.6666666666666666,0.75
ricci,1,0.8,-0.4,-0.5873015873015873,0.012295185226056451,7.558578987151843e-05,7.542821595973006e-05,-0.8,-0.5333333333333333,-0.022222222222222143,0.0,0.8,-0.1746031746031746,0.0,"{'GTP': 11.0, 'GFP': 0.0, 'GTN': 13.0, 'GFN': 0.0}",1.0,0.8125,0.3333333333333333,0.875,0.8421052631578947
ricci,2,0.8333333333333334,,-0.5833333333333333,0.09166984970282131,0.004201680672268925,0.0043311404231468715,,-0.8823529411764706,-0.3529411764705882,-0.3333333333333333,,-0.5,-0.8333333333333334,"{'GTP': 11.0, 'GFP': 0.0, 'GTN': 13.0, 'GFN': 0.0}",0.6666666666666666,0.8888888888888888,0.625,0.75,0.7692307692307693
ricci,3,0.2,0.1,0.3666666666666667,0.2563708056435934,0.03286299499317257,0.03403055472726856,0.2,0.07692307692307693,-0.29230769230769227,0.0,-0.19999999999999996,-0.26666666666666666,0.0,"{'GTP': 11.0, 'GFP': 0.0, 'GTN': 12.0, 'GFN': 0.0}",1.0,0.5454545454545454,0.043478260869565216,0.5652173913043478,0.16666666666666666
ricci,4,0.0,0.0,-0.15151515151515152,0.2901294265928307,0.04208754208754237,0.043077190176213455,0.0,0.0,-0.303030303030303,0.0,0.0,-0.30303030303030304,0.0,"{'GTP': 11.0, 'GFP': 0.0, 'GTN': 12.0, 'GFN': 0.0}",0.0,0.5217391304347826,0.0,0.5217391304347826,0.0
ricci,0,1.0,-0.5,0.2222222222222222,0.14433756729740715,0.010416666666666768,0.011094311400039527,0.0,-0.6666666666666667,-0.4444444444444444,-0.4444444444444444,0.0,0.0,-1.0,"{'GTP': 12.0, 'GFP': 0.0, 'GTN': 12.0, 'GFN': 0.0}",0.6,1.0,0.8333333333333334,0.6666666666666666,0.75
ricci,1,1.0,-0.5833333333333334,-0.2556818181818182,0.2508726030021267,0.03146853146853134,0.032274999479317994,-1.0,-0.6153846153846154,0.2867132867132868,-0.125,1.0,0.36363636363636365,-0.16666666666666666,"{'GTP': 11.0, 'GFP': 0.0, 'GTN': 13.0, 'GFN': 0.0}",0.875,0.75,0.3333333333333333,0.7916666666666666,0.7368421052631579
ricci,2,0.023809523809523725,,-0.6607142857142857,0.21650635094611007,0.023437500000000087,0.02183849366215339,,0.05555555555555558,0.33333333333333337,0.5714285714285714,,-0.75,-0.023809523809523725,"{'GTP': 11.0, 'GFP': 0.0, 'GTN': 13.0, 'GFN': 0.0}",0.42105263157894735,0.4,0.7916666666666666,0.4166666666666667,0.5333333333333333
ricci,3,0.8,0.4625,0.16250000000000003,0.40241485591734305,0.08096885813148799,0.08668305260842664,0.8,0.38461538461538464,-0.4461538461538461,0.2,-0.8,-0.475,0.125,"{'GTP': 11.0, 'GFP': 0.0, 'GTN': 12.0, 'GFN': 0.0}",0.8,0.6111111111111112,0.21739130434782608,0.6521739130434783,0.5
ricci,4,0.0,0.0,-0.15151515151515152,0.2901294265928307,0.04208754208754237,0.043077190176213455,0.0,0.0,-0.303030303030303,0.0,0.0,-0.30303030303030304,0.0,"{'GTP': 11.0, 'GFP': 0.0, 'GTN': 12.0, 'GFN': 0.0}",0.0,0.5217391304347826,0.0,0.5217391304347826,0.0
ricci,0,0.6666666666666667,-0.33333333333333337,-0.025000000000000022,0.05261336417646499,0.0013840830449826647,0.0014303908233446183,0.0,-0.5,-0.19999999999999996,0.04999999999999999,0.0,0.0,-0.6666666666666667,"{'GTP': 12.0, 'GFP': 0.0, 'GTN': 12.0, 'GFN': 0.0}",0.5454545454545454,1.0,0.9166666666666666,0.5833333333333334,0.7058823529411765
ricci,1,1.0,-0.5,-0.3888888888888889,0.11736313170325588,0.0068870523415978935,0.0070476952638870135,-1.0,-0.6,0.2222222222222222,0.0,1.0,0.2222222222222222,0.0,"{'GTP': 11.0, 'GFP': 0.0, 'GTN': 13.0, 'GFN': 0.0}",1.0,0.8666666666666667,0.375,0.9166666666666666,0.9
ricci,2,0.2142857142857143,,-0.5,0.16495721976846434,0.013605442176870722,0.012865862212338777,,-0.16666666666666663,0.33333333333333337,0.8333333333333334,,-0.16666666666666666,0.2142857142857143,"{'GTP': 11.0, 'GFP': 0.0, 'GTN': 13.0, 'GFN': 0.0}",0.6666666666666666,0.8888888888888888,0.625,0.75,0.7692307692307693
ricci,3,0.09999999999999998,0.04999999999999999,-0.11428571428571427,0.09257834648240805,0.004285375118708397,0.004326928095987519,0.09999999999999998,-0.0692307692307692,-0.1461538461538462,0.0,-0.09999999999999998,-0.22857142857142854,0.0,"{'GTP': 11.0, 'GFP': 0.0, 'GTN': 12.0, 'GFN': 0.0}",1.0,0.7058823529411765,0.2608695652173913,0.782608695652174,0.7058823529411765
ricci,4,0.0,0.0,-0.11904761904761904,0.22271770159368817,0.024801587301587567,0.024206081893465653,0.0,0.0,-0.23809523809523803,0.0,0.0,-0.23809523809523808,0.0,"{'GTP': 11.0, 'GFP': 0.0, 'GTN': 12.0, 'GFN': 0.0}",0.0,0.5217391304347826,0.0,0.5217391304347826,0.0
ricci,0,0.22857142857142854,-0.19761904761904758,0.18333333333333338,0.10220735677864508,0.0052231718898386225,0.005262513841835555,-0.16666666666666663,-0.14685314685314688,-0.04895104895104896,-0.16666666666666666,0.16666666666666666,0.2,-0.22857142857142854,"{'GTP': 12.0, 'GFP': 0.0, 'GTN': 12.0, 'GFN': 0.0}",0.7333333333333333,0.8888888888888888,0.625,0.7916666666666666,0.8148148148148148
ricci,1,1.0,-1.0,-0.30714285714285716,0.16903085094570405,0.01428571428571441,0.014639744644945283,-1.0,-1.0,-0.18571428571428572,-0.2857142857142857,1.0,0.1,-1.0,"{'GTP': 11.0, 'GFP': 0.0, 'GTN': 13.0, 'GFN': 0.0}",0.7142857142857143,0.9,0.5833333333333334,0.7916666666666666,0.8
ricci,2,1.0,,-0.39285714285714285,0.0939060283031681,0.004409171075837705,0.004463343806441565,,-1.0,-0.2142857142857143,-0.21428571428571427,,0.0,-1.0,"{'GTP': 11.0, 'GFP': 0.0, 'GTN': 13.0, 'GFN': 0.0}",0.7857142857142857,1.0,0.5833333333333334,0.875,0.88
ricci,3,0.8,-0.050000000000000044,-0.1517857142857143,0.10954451150103131,0.00599999999999979,0.005875811586632616,0.7,-0.3416666666666667,-0.7333333333333334,-0.5714285714285714,-0.7,-0.875,-0.8,"{'GTP': 11.0, 'GFP': 0.0, 'GTN': 12.0, 'GFN': 0.0}",0.5,0.5333333333333333,0.34782608695652173,0.5217391304347826,0.42105263157894735
ricci,4,0.25,-0.125,-0.6227272727272727,0.13155870289605645,0.008653846153846427,0.008579810141413449,-0.25,-0.15384615384615385,-0.16153846153846152,0.0,0.25,-0.24545454545454543,0.0,"{'GTP': 11.0, 'GFP': 0.0, 'GTN': 12.0, 'GFN': 0.0}",1.0,0.5714285714285714,0.08695652173913043,0.6086956521739131,0.3076923076923077
student_math,0,,,-0.5441176470588236,0.6033185046659896,0.18199660903620282,0.1733759677005638,,,0.4482758620689655,-0.5,,-0.5882352941176471,,"{'GTP': 53.0, 'GFP': 0.0, 'GTN': 26.0, 'GFN': 0.0}",0.5,0.29850746268656714,0.1518987341772152,0.3291139240506329,0.18461538461538463
student_math,1,,,-0.1,0.1375153873633022,0.00945524088083953,0.008216351333197617,,,0.19999999999999996,-0.8,,0.0,,"{'GTP': 53.0, 'GFP': 0.0, 'GTN': 26.0, 'GFN': 0.0}",0.6119402985074627,0.0,0.8481012658227848,0.5189873417721519,0.6833333333333333
student_math,2,,,-0.6333333333333333,0.1872109905546757,0.017523977492231436,0.018209252373216325,,,0.6,-0.26666666666666666,,-0.5333333333333333,,"{'GTP': 53.0, 'GFP': 0.0, 'GTN': 26.0, 'GFN': 0.0}",0.703125,0.4666666666666667,0.810126582278481,0.6582278481012658,0.7692307692307693
student_math,3,,,-0.18,0.2936466559251976,0.0431141792680257,0.04061248851404821,0.0,0.0,-0.36,0.0,0.0,-0.36,,"{'GTP': 53.0, 'GFP': 0.0, 'GTN': 26.0, 'GFN': 0.0}",0.0,0.3291139240506329,0.0,0.3291139240506329,0.0
student_math,4,0.0,,-0.3333333333333333,0.06794605703546376,0.002308333333333247,0.001984372069060247,,0.0,0.6666666666666666,0.6666666666666667,,0.0,0.0,"{'GTP': 53.0, 'GFP': 0.0, 'GTN': 26.0, 'GFN': 0.0}",0.6756756756756757,0.4,0.9367088607594937,0.6582278481012658,0.7874015748031497
student_math,0,,,-0.31896551724137934,0.04120633643535636,0.0008489810812118885,0.0008618748759467403,,,0.6379310344827587,-0.3620689655172414,,0.0,,"{'GTP': 53.0, 'GFP': 0.0, 'GTN': 26.0, 'GFN': 0.0}",0.6708860759493671,0.0,1.0,0.6708860759493671,0.803030303030303
student_math,1,,,-0.41304347826086957,0.5308074974780224,0.14087829968944035,0.19007379212629918,,,0.17391304347826086,0.0,,-0.8260869565217391,,"{'GTP': 53.0, 'GFP': 0.0, 'GTN': 26.0, 'GFN': 0.0}",0.5925925925925926,0.16,0.6835443037974683,0.45569620253164556,0.5981308411214953
student_math,2,,,-0.33088235294117646,0.01706302322963071,0.00014557338086745863,0.0001473377137274369,,,0.6617647058823529,-0.3382352941176471,,0.0,,"{'GTP': 53.0, 'GFP': 0.0, 'GTN': 26.0, 'GFN': 0.0}",0.6708860759493671,0.0,1.0,0.6708860759493671,0.803030303030303
student_math,3,,,0.3194444444444444,0.1020813100901996,0.0052102969348657435,0.005485503293010728,,,-0.6388888888888888,0.3611111111111111,,0.0,,"{'GTP': 53.0, 'GFP': 0.0, 'GTN': 26.0, 'GFN': 0.0}",0.6891891891891891,0.6,0.9367088607594937,0.6835443037974683,0.8031496062992126
student_math,4,,,0.5754385964912281,0.5593232479643026,0.15642124785666833,0.1565112437127439,,,-0.38235294117647056,0.5333333333333333,,0.6842105263157895,,"{'GTP': 53.0, 'GFP': 0.0, 'GTN': 26.0, 'GFN': 0.0}",0.4666666666666667,0.28125,0.189873417721519,0.31645569620253167,0.20588235294117646
student_math,0,,,-0.6022727272727273,0.18575212679948774,0.017251926305266486,0.019395307611088288,,,0.6,-0.25,,-0.45454545454545453,,"{'GTP': 53.0, 'GFP': 0.0, 'GTN': 26.0, 'GFN': 0.0}",0.7058823529411765,0.5454545454545454,0.8607594936708861,0.6835443037974683,0.7933884297520661
student_math,1,,,0.0,,-2.220446049250313e-16,-2.436322748482983e-16,,,0.0,0.0,,0.0,,"{'GTP': 53.0, 'GFP': 0.0, 'GTN': 26.0, 'GFN': 0.0}",0.8,0.34782608695652173,0.12658227848101267,0.4050632911392405,0.25396825396825395
student_math,2,,,-0.4444444444444444,0.28862557529112115,0.041652361356065315,0.059970444138823784,,,0.11111111111111116,0.0,,-0.8888888888888888,,"{'GTP': 53.0, 'GFP': 0.0, 'GTN': 26.0, 'GFN': 0.0}",0.6842105263157895,0.3333333333333333,0.24050632911392406,0.4177215189873418,0.3611111111111111
student_math,3,1.0,-1.0,0.08766233766233766,0.520906987459263,0.13567204479194236,0.0762846065663679,-1.0,-1.0,0.17532467532467533,-0.5,1.0,0.6753246753246753,-1.0,"{'GTP': 53.0, 'GFP': 0.0, 'GTN': 26.0, 'GFN': 0.0}",0.5,0.3246753246753247,0.02531645569620253,0.3291139240506329,0.03636363636363636
student_math,4,,,0.3387096774193548,0.19064850996663776,0.01817342717624959,0.02018703324795857,,,-0.6774193548387096,0.3225806451612903,,0.0,,"{'GTP': 53.0, 'GFP': 0.0, 'GTN': 26.0, 'GFN': 0.0}",0.6666666666666666,0.3,0.8734177215189873,0.620253164556962,0.7540983606557377
student_math,0,,,-0.75,0.09746558853875184,0.004749770474602637,0.0041461890486876795,,,0.33333333333333326,-0.5,,-1.0,,"{'GTP': 53.0, 'GFP': 0.0, 'GTN': 26.0, 'GFN': 0.0}",0.7037037037037037,0.34615384615384615,0.34177215189873417,0.46835443037974683,0.475
student_math,1,,,-0.5,0.05653491767960376,0.0015980984585197869,0.0014702665352249542,,,0.0,-1.0,,-1.0,,"{'GTP': 53.0, 'GFP': 0.0, 'GTN': 26.0, 'GFN': 0.0}",0.13333333333333333,0.203125,0.189873417721519,0.189873417721519,0.058823529411764705
student_math,2,,,-0.5333333333333333,0.4128230875491777,0.08521145080681801,0.06559791027179367,,,0.625,-0.3333333333333333,,-0.4,,"{'GTP': 53.0, 'GFP': 0.0, 'GTN': 26.0, 'GFN': 0.0}",0.8,0.33783783783783783,0.06329113924050633,0.3670886075949367,0.13793103448275862
student_math,3,0.0,0.0,0.13354037267080746,0.06665610259816707,0.002221518006788687,0.00216861279967563,0.0,0.0,-0.26708074534161486,-0.26708074534161486,0.0,0.0,0.0,"{'GTP': 53.0, 'GFP': 0.0, 'GTN': 26.0, 'GFN': 0.0}",0.6708860759493671,0.0,1.0,0.6708860759493671,0.803030303030303
student_math,4,1.0,-1.0,0.0023809523809523725,0.5229731678221478,0.13675046713096614,0.08334099184972267,-1.0,-1.0,0.3380952380952381,-0.3333333333333333,1.0,0.6714285714285714,-1.0,"{'GTP': 53.0, 'GFP': 0.0, 'GTN': 26.0, 'GFN': 0.0}",0.6666666666666666,0.32894736842105265,0.0379746835443038,0.34177215189873417,0.07142857142857142
student_port,0,,,-0.4351851851851852,0.01769106532988237,0.00015648689625308299,0.00015681299151496165,,,0.8703703703703703,-0.12962962962962962,,0.0,,"{'GTP': 110.0, 'GFP': 0.0, 'GTN': 20.0, 'GFN': 0.0}",0.8461538461538461,0.0,1.0,0.8461538461538461,0.9166666666666666
student_port,1,,,-0.7767857142857143,0.5190908611974506,0.1347276610893555,0.1572706321655357,,,0.16000000000000003,-0.375,,-0.9285714285714286,,"{'GTP': 110.0, 'GFP': 0.0, 'GTN': 20.0, 'GFN': 0.0}",0.8023255813953488,0.06818181818181818,0.6615384615384615,0.5538461538461539,0.7040816326530612
student_port,2,,,-0.2391304347826087,0.02783496742942096,0.00038739270589846286,0.0003959203075905749,0.09677419354838712,0.11538461538461542,-0.2435897435897436,-0.18840579710144928,-0.0967741935483871,-0.6666666666666666,,"{'GTP': 110.0, 'GFP': 0.0, 'GTN': 20.0, 'GFN': 0.0}",0.859504132231405,0.3333333333333333,0.9307692307692308,0.823076923076923,0.9004329004329005
student_port,3,0.6442857142857144,0.3221428571428572,-0.08184523809523814,0.5785319083021851,0.16734958446188397,0.12033618392692282,0.6442857142857144,0.5661764705882353,-0.5315126050420168,0.0,-0.6442857142857144,-0.16369047619047628,0.0,"{'GTP': 110.0, 'GFP': 0.0, 'GTN': 20.0, 'GFN': 0.0}",1.0,0.17094017094017094,0.1,0.25384615384615383,0.21138211382113822
student_port,4,,,-0.6730769230769231,0.2571297386132898,0.033057851239669374,0.06402185876493152,,,0.1652892561983471,-0.5,,-0.8461538461538461,,"{'GTP': 109.0, 'GFP': 0.0, 'GTN': 20.0, 'GFN': 0.0}",0.5,0.144,0.031007751937984496,0.15503875968992248,0.035398230088495575
student_port,0,,,-0.7807017543859649,0.2908646623794062,0.04230112591054298,0.04346212401929038,,,0.5081967213114754,-0.10526315789473684,,-0.6666666666666666,,"{'GTP': 110.0, 'GFP': 0.0, 'GTN': 20.0, 'GFN': 0.0}",0.9318181818181818,0.3333333333333333,0.676923076923077,0.7384615384615385,0.8282828282828283
student_port,1,,,-0.44047619047619047,0.04075433196556316,0.0008304577869796616,0.0008238691585796112,,,0.8809523809523809,-0.11904761904761904,,0.0,,"{'GTP': 110.0, 'GFP': 0.0, 'GTN': 20.0, 'GFN': 0.0}",0.8461538461538461,0.0,1.0,0.8461538461538461,0.9166666666666666
student_port,2,0.0,0.0,0.0457393483709273,0.6294614629272779,0.19811086665527444,0.14418091447727077,0.0,0.0,0.09147869674185471,0.0,0.0,0.0914786967418546,0.0,"{'GTP': 110.0, 'GFP': 0.0, 'GTN': 20.0, 'GFN': 0.0}",0.0,0.15384615384615385,0.0,0.15384615384615385,0.0
student_port,3,0.09230769230769231,-0.046153846153846156,-0.7671568627450981,0.8654309071892327,0.3744853275591891,0.29560838963607394,-0.09230769230769231,-0.08108108108108109,-0.4639639639639639,0.0,0.09230769230769231,-0.5343137254901962,0.0,"{'GTP': 110.0, 'GFP': 0.0, 'GTN': 20.0, 'GFN': 0.0}",0.7333333333333333,0.1391304347826087,0.11538461538461539,0.2076923076923077,0.176
student_port,4,,,0.09210526315789475,0.032051031738959394,0.0005136343177658912,0.0005254672987184264,0.0,0.0,-0.1842105263157895,-0.18421052631578946,0.0,0.0,,"{'GTP': 109.0, 'GFP': 0.0, 'GTN': 20.0, 'GFN': 0.0}",0.8449612403100775,0.0,1.0,0.8449612403100775,0.9159663865546218
student_port,0,,,-0.475,0.38564247223147197,0.07436005819440082,0.11547510877284124,,,0.050000000000000044,0.0,,-0.95,,"{'GTP': 110.0, 'GFP': 0.0, 'GTN': 20.0, 'GFN': 0.0}",0.7291666666666666,0.08536585365853659,0.36923076923076925,0.3230769230769231,0.4430379746835443
student_port,1,,,-0.75,0.5773502691896258,0.16666666666666674,0.11327856138959859,,,0.9,0.0,,-0.5,,"{'GTP': 110.0, 'GFP': 0.0, 'GTN': 20.0, 'GFN': 0.0}",1.0,0.18018018018018017,0.14615384615384616,0.3,0.29457364341085274
student_port,2,0.22,0.11,0.6182692307692308,0.2086490945306981,0.0217672223242401,0.040929848291126336,0.22,0.21568627450980393,0.02624434389140262,0.0,-0.21999999999999997,0.23653846153846148,0.0,"{'GTP': 110.0, 'GFP': 0.0, 'GTN': 20.0, 'GFN': 0.0}",1.0,0.16806722689075632,0.08461538461538462,0.23846153846153847,0.18181818181818182
student_port,3,,,-0.08333333333333331,0.02605786533235607,0.0003395061728396021,0.00035248729291506754,0.0,0.0,0.16666666666666663,0.16666666666666666,0.0,0.0,,"{'GTP': 110.0, 'GFP': 0.0, 'GTN': 20.0, 'GFN': 0.0}",0.8461538461538461,0.0,1.0,0.8461538461538461,0.9166666666666666
student_port,4,,,0.32456140350877194,0.18013551198410427,0.016224401338887688,0.015310636492062645,-0.379746835443038,-0.4,0.4,0.14035087719298245,0.379746835443038,0.7894736842105263,,"{'GTP': 109.0, 'GFP': 0.0, 'GTN': 20.0, 'GFN': 0.0}",0.8681318681318682,0.21052631578947367,0.7054263565891473,0.6744186046511628,0.79
student_port,0,,,-0.8333333333333333,0.12003758515386305,0.007204510924785461,0.008481372888624007,,,0.5555555555555556,0.0,,-0.6666666666666666,,"{'GTP': 110.0, 'GFP': 0.0, 'GTN': 20.0, 'GFN': 0.0}",0.8715596330275229,0.2857142857142857,0.8384615384615385,0.7769230769230769,0.867579908675799
student_port,1,0.3455284552845529,0.08185513673318556,0.05454545454545451,0.7300805887323847,0.2665088330219127,0.2542776458722678,0.3455284552845529,0.2912087912087912,-0.2994505494505495,-0.2,-0.3455284552845529,-0.09090909090909094,-0.18181818181818177,"{'GTP': 110.0, 'GFP': 0.0, 'GTN': 20.0, 'GFN': 0.0}",0.631578947368421,0.06521739130434782,0.2923076923076923,0.23076923076923078,0.32432432432432434
student_port,2,0.2833333333333333,-0.2085858585858586,0.36157289002557547,0.2329257091111062,0.027127192982455826,0.03206215949056479,-0.13383838383838387,-0.1535087719298246,-0.10526315789473684,-0.3970588235294118,0.1338383838383838,0.32608695652173914,-0.2833333333333333,"{'GTP': 110.0, 'GFP': 0.0, 'GTN': 20.0, 'GFN': 0.0}",0.8625,0.18,0.6153846153846154,0.6,0.7263157894736842
student_port,3,1.0,-0.868421052631579,0.08647798742138368,0.8972650247720123,0.4025422623395599,0.2764608618280043,-0.736842105263158,-0.8035714285714285,0.3660714285714286,-0.3333333333333333,0.736842105263158,-0.160377358490566,-1.0,"{'GTP': 110.0, 'GFP': 0.0, 'GTN': 20.0, 'GFN': 0.0}",0.8823529411764706,0.1592920353982301,0.13076923076923078,0.25384615384615383,0.23622047244094488
student_port,4,,,-0.1434336023477623,0.22564702480893745,0.025458289902562617,0.02698286442838114,-0.2222222222222222,-0.219047619047619,0.20952380952380956,0.14893617021276595,0.22222222222222227,-0.13793103448275867,,"{'GTP': 109.0, 'GFP': 0.0, 'GTN': 20.0, 'GFN': 0.0}",0.8679245283018868,0.17105263157894737,0.4108527131782946,0.4573643410852713,0.5679012345679012
law,0,0.96,-0.9383333333333332,0.04364146303980329,0.09595443181174516,0.004603626492157426,0.005431070381761298,-0.9166666666666666,-0.9418604651162791,0.32710122551384724,0.32012448132780086,0.9166666666666666,0.4074074074074074,-0.96,"{'GTP': 3701.0, 'GFP': 0.0, 'GTN': 459.0, 'GFN': 0.0}",0.9082936607366575,0.5502958579881657,0.959375,0.89375,0.9425377015080604
law,1,0.7591364166820219,-0.6917745413338607,-0.35542075712815424,0.04661697115432348,0.0010865709998015135,0.001128780639906983,-0.7591364166820219,-0.6953099642973062,0.47160012982797794,0.6073028510846178,0.7591364166820219,-0.10353866317169064,-0.6244126659856997,"{'GTP': 3701.0, 'GFP': 0.0, 'GTN': 459.0, 'GFN': 0.0}",0.9030726954783912,0.45222929936305734,0.9622596153846154,0.8860576923076923,0.9384735202492211
law,2,0.04166666666666663,-0.02626811594202899,-0.03941589615931723,0.058271598470164096,0.0016977895941340153,0.00156927861429851,-0.010869565217391353,-0.024390243902439046,0.3244110606113174,0.32883179231863446,0.010869565217391304,0.25,-0.04166666666666663,"{'GTP': 3701.0, 'GFP': 0.0, 'GTN': 459.0, 'GFN': 0.0}",0.890279114533205,0.75,0.9990384615384615,0.8901442307692308,0.9418353060964745
law,3,1.0,-1.0,-0.25445162390975196,0.1320878340682538,0.008723597954421274,0.010810743398999092,-1.0,-1.0,0.33648945471605574,-0.07730364873222016,1.0,0.41379310344827586,-1.0,"{'GTP': 3701.0, 'GFP': 0.0, 'GTN': 458.0, 'GFN': 0.0}",0.9128440366972477,0.49361702127659574,0.9434960327001684,0.8891560471267131,0.9395409836065574
law,4,0.9298245614035088,-0.8696741854636592,0.06873563218390802,0.05747035673739705,0.0016514209517618395,0.0018662489415257459,-0.8095238095238095,-0.8787878787878788,0.3038383838383839,0.2533333333333333,0.8095238095238095,0.39080459770114945,-0.9298245614035088,"{'GTP': 3701.0, 'GFP': 0.0, 'GTN': 458.0, 'GFN': 0.0}",0.9057213930348259,0.5683453237410072,0.9665785044481846,0.8944457802356336,0.9431420800414454
law,0,0.5,-0.421875,-0.020599787776132222,0.051432521804563806,0.0013226521495884656,0.0016460538428488176,-0.34375,-0.4295774647887324,0.34995129656443336,0.4018553132571824,0.34375,0.36065573770491804,-0.5,"{'GTP': 3701.0, 'GFP': 0.0, 'GTN': 459.0, 'GFN': 0.0}",0.9002211845662325,0.5824175824175825,0.978125,0.8932692307692308,0.9428571428571428
law,1,0.9230769230769231,-0.8255384615384616,0.16246459333547092,0.11607199616803829,0.006736354147216547,0.008141043280742109,-0.728,-0.8223140495867769,0.3362780604043345,0.13235724548986216,0.728,0.457286432160804,-0.9230769230769231,"{'GTP': 3701.0, 'GFP': 0.0, 'GTN': 459.0, 'GFN': 0.0}",0.9131873727087576,0.5086206896551724,0.9442307692307692,0.890625,0.9403591558526675
law,2,0.0,0.0,-0.17627811626297052,0.7662164544733936,0.293543827552889,0.1712555314115109,0.0,0.0,-0.35255623252594104,0.0,0.0,-0.35255623252594104,0.0,"{'GTP': 3701.0, 'GFP': 0.0, 'GTN': 459.0, 'GFN': 0.0}",0.0,0.11033653846153846,0.0,0.11033653846153846,0.0
law,3,0.6923076923076923,-0.6252236135957066,0.01452373323568451,0.029731154692038405,0.0004419707796609586,0.00045457229603388944,-0.5581395348837209,-0.631578947368421,0.33486230796472116,0.3709525335286309,0.5581395348837209,0.4,-0.6923076923076923,"{'GTP': 3701.0, 'GFP': 0.0, 'GTN': 458.0, 'GFN': 0.0}",0.9003191750552418,0.6046511627906976,0.979321952392402,0.8942053378215917,0.9434010805248263
law,4,0.38888888888888884,-0.3611111111111111,-0.00040666628731297894,0.06424881691077877,0.002063955237217386,0.001966611705260165,-0.33333333333333337,-0.36257309941520466,0.4112422113217552,0.43629720354236795,0.3333333333333333,0.43548387096774194,-0.38888888888888884,"{'GTP': 3701.0, 'GFP': 0.0, 'GTN': 458.0, 'GFN': 0.0}",0.8967537222357823,0.5645161290322581,0.9850925703294061,0.8918009136811733,0.9422928956142601
law,0,0.012345679012345734,-0.006172839506172867,-0.1365169475057602,0.07143801648076999,0.002551695099353382,0.0023967959931203197,0.0,-0.0045045045045044585,0.2714033051456364,0.2730338950115204,0.0,0.0,-0.012345679012345734,"{'GTP': 3701.0, 'GFP': 0.0, 'GTN': 459.0, 'GFN': 0.0}",0.8898773743688386,1.0,0.9997596153846153,0.8899038461538461,0.9417302798982188
law,1,0.02358490566037741,-0.019544390814684842,0.20819640129244815,0.07104283072563891,0.0025235418987558924,0.0023763923212790053,-0.02358490566037741,-0.02052785923753664,0.3047501649362825,0.29789291170081794,0.02358490566037736,0.7142857142857143,-0.015503875968992276,"{'GTP': 3701.0, 'GFP': 0.0, 'GTN': 459.0, 'GFN': 0.0}",0.8899590657356128,0.2857142857142857,0.9983173076923076,0.8889423076923076,0.9411764705882353
law,2,0.14393939393939392,-0.10504362693078645,0.1159233779725144,0.05873808992329592,0.001725081603918599,0.0016148208682426634,-0.06614785992217898,-0.09254498714652959,0.2544523831920692,0.24037546627719336,0.06614785992217899,0.4722222222222222,-0.14393939393939392,"{'GTP': 3701.0, 'GFP': 0.0, 'GTN': 459.0, 'GFN': 0.0}",0.8933074684772065,0.5277777777777778,0.9913461538461539,0.8901442307692308,0.9415974440894569
law,3,0.004484304932735439,-0.0022421524663677195,0.3485278615715974,0.08339890003860828,0.0034776882638248886,0.003261338700348106,-0.004484304932735439,-0.0027855153203342198,0.3046716075861745,0.3029442768568052,0.004484304932735426,1.0,0.0,"{'GTP': 3701.0, 'GFP': 0.0, 'GTN': 458.0, 'GFN': 0.0}",0.8898508898508899,0.0,0.9997595575859581,0.8896369319547969,0.9415956228527802
law,4,0.2142857142857143,-0.17402183803457688,0.13809663272539324,0.04503283454754525,0.0010139780936932927,0.0009932667243111345,-0.13375796178343946,-0.16182572614107882,0.29653145036583195,0.262268273010752,0.1337579617834395,0.5384615384615384,-0.2142857142857143,"{'GTP': 3701.0, 'GFP': 0.0, 'GTN': 458.0, 'GFN': 0.0}",0.8965939720656702,0.46153846153846156,0.9812454917047367,0.8884347198845877,0.9403752248779235
law,0,0.0,0.0,-0.08746404612836178,0.06946367888696485,0.002412601342255683,0.002354134211984422,0.0,0.0,0.17492809225672357,0.17492809225672357,0.0,0.0,0.0,"{'GTP': 3701.0, 'GFP': 0.0, 'GTN': 459.0, 'GFN': 0.0}",0.8896634615384615,0.0,1.0,0.8896634615384615,0.9416104821269559
law,1,0.0,0.0,-0.0885588456354161,0.06981101857435246,0.0024367891571942914,0.0023779284224079863,0.0,0.0,0.1771176912708322,0.17711769127083216,0.0,0.0,0.0,"{'GTP': 3701.0, 'GFP': 0.0, 'GTN': 459.0, 'GFN': 0.0}",0.8896634615384615,0.0,1.0,0.8896634615384615,0.9416104821269559
law,2,0.03456306450568736,-0.03204946474229514,-0.1652576508661791,0.04980539523495948,0.001240288697255262,0.0012231367901772696,-0.03456306450568736,-0.032569867489225635,0.17329581491187096,0.15551530173235817,0.034563064505687344,-0.17500000000000004,-0.029535864978902926,"{'GTP': 3701.0, 'GFP': 0.0, 'GTN': 459.0, 'GFN': 0.0}",0.8898367048501097,0.12280701754385964,0.9862980769230769,0.8793269230769231,0.9356740133264992
law,3,0.0,0.0,-0.08486356575396953,0.06349979561947143,0.002016112021857321,0.0019626403637526225,0.0,0.0,0.16972713150793906,0.16972713150793906,0.0,0.0,0.0,"{'GTP': 3701.0, 'GFP': 0.0, 'GTN': 458.0, 'GFN': 0.0}",0.8898773743688386,0.0,1.0,0.8898773743688386,0.9417302798982188
law,4,0.01673640167364021,-0.01431173724098056,0.2356060606060606,0.06892342870876325,0.0023752195124859855,0.002309577059805839,-0.011887072808320909,-0.013157894736842146,0.20079080276448702,0.19545454545454546,0.01188707280832095,0.6666666666666666,-0.01673640167364021,"{'GTP': 3701.0, 'GFP': 0.0, 'GTN': 458.0, 'GFN': 0.0}",0.8905232698336146,0.3333333333333333,0.997114691031498,0.8889156047126713,0.941131498470948
